No,ID,Age,Overall,Potential,Value,International Reputation,Weak Foot,Skill Moves,Height,Weight,Crossing,Finishing,HeadingAccuracy,ShortPassing,Volleys,Dribbling,Curve,FKAccuracy,LongPassing,BallControl,Acceleration,SprintSpeed,Agility,Reactions,Balance,ShotPower,Jumping,Stamina,Strength,LongShots,Aggression,Interceptions,Positioning,Vision,Penalties,Composure,Marking,StandingTackle,SlidingTackle,GKDiving,GKHandling,GKKicking,GKPositioning,GKReflexes
0,158023,31,94,94,110.5,5,4,4,5.7,159,84,95,70,90,86,97,93,94,87,96,91,86,91,95,95,85,68,72,59,94,48,22,94,94,75,96,33,28,26,6,11,15,14,8
1,20801,33,94,94,77.0,5,4,5,6.2,183,84,94,89,81,87,88,81,76,77,94,89,91,87,96,70,95,95,88,79,93,63,29,95,82,85,95,28,31,23,7,11,15,14,11
2,190871,26,92,93,118.5,5,5,5,5.9,150,79,87,62,84,84,96,88,87,78,95,94,90,96,94,84,80,61,81,49,82,56,36,89,87,81,94,27,24,33,9,9,15,15,11
3,193080,27,91,93,72.0,4,3,1,6.4,168,17,13,21,50,13,18,21,19,51,42,57,58,60,90,43,31,67,43,64,12,38,30,12,68,40,68,15,21,13,90,85,87,88,94
4,192985,27,91,92,102.0,4,5,4,5.11,154,93,82,55,92,82,86,85,83,91,91,78,76,79,91,77,91,63,90,75,91,76,61,87,94,79,88,68,58,51,15,13,5,10,13
5,183277,27,91,91,93.0,4,4,4,5.8,163,81,84,61,89,80,95,83,79,83,94,94,88,95,90,94,82,56,83,66,80,54,41,87,89,86,91,34,27,22,11,12,6,8,8
6,177003,32,91,91,67.0,4,4,4,5.8,146,86,72,55,93,76,90,85,78,88,93,80,72,93,90,94,79,68,89,58,82,62,83,79,92,82,84,60,76,73,13,9,7,14,9
7,176580,31,91,91,80.0,5,4,3,6.0,190,77,93,77,82,88,87,86,84,64,90,86,75,82,92,83,86,69,90,83,85,87,41,92,84,85,85,62,45,38,27,25,31,33,37
8,155862,32,91,91,51.0,4,3,3,6.0,181,66,60,91,78,66,63,74,72,77,84,76,75,78,85,66,79,93,84,83,59,88,90,60,63,75,82,87,92,91,11,8,9,7,11
9,200389,25,90,93,68.0,3,3,1,6.2,192,13,11,15,29,13,12,13,14,26,16,43,60,67,86,49,22,76,41,78,12,34,19,11,70,11,70,27,12,18,86,92,78,88,89
10,188545,29,90,90,77.0,4,4,4,6.0,176,62,91,85,83,89,85,77,86,65,89,77,78,78,90,78,88,84,78,84,84,80,39,91,77,88,86,34,42,19,15,6,12,8,10
11,182521,28,90,90,76.5,4,5,3,6.0,168,88,76,54,92,82,81,86,84,93,90,64,62,70,89,71,87,30,75,73,92,60,82,79,86,73,85,72,79,69,10,11,13,7,10
12,182493,32,90,90,44.0,3,3,2,6.2,172,55,42,92,79,47,53,49,51,70,76,68,68,58,85,54,67,91,66,88,43,89,88,48,52,50,82,90,89,89,6,8,15,5,15
13,168542,32,90,90,60.0,4,2,4,5.8,148,84,76,54,93,82,89,82,77,87,94,70,64,92,90,90,72,64,78,52,75,57,50,89,92,75,93,59,53,29,6,15,7,6,12
14,215914,27,89,90,63.0,3,3,2,5.6,159,68,65,54,86,56,79,49,49,81,80,82,78,82,93,92,71,77,96,76,69,90,92,71,79,54,85,90,91,85,15,12,10,7,10
15,211110,24,89,94,89.0,3,3,4,5.1,165,82,84,68,87,88,92,88,88,75,92,87,83,91,86,85,82,75,80,65,88,48,32,84,87,86,84,23,20,20,5,4,4,5,8
16,202126,24,89,91,83.5,3,4,3,6.2,196,75,94,85,80,84,80,78,68,82,84,68,72,71,91,71,88,78,89,84,85,76,35,93,80,90,89,56,36,38,8,10,11,14,11
17,194765,27,89,90,78.0,4,3,4,5.9,161,82,90,84,83,87,88,84,78,76,90,88,85,90,90,80,80,90,83,62,82,69,35,91,83,79,87,59,47,48,14,8,14,13,14
18,192448,26,89,92,58.0,3,4,1,6.2,187,15,14,11,36,14,17,18,12,42,18,38,50,37,85,43,22,79,35,79,10,43,22,11,69,25,69,25,13,10,87,85,88,85,90
19,192119,26,89,90,53.5,4,2,1,6.6,212,14,14,13,33,12,13,19,20,35,23,46,52,61,84,45,36,68,38,70,17,23,15,13,44,27,66,20,18,16,85,91,72,86,88
20,189511,29,89,89,51.5,4,3,3,6.2,168,62,67,68,89,44,80,66,68,82,88,50,52,66,87,52,61,66,86,77,54,85,87,77,87,60,90,90,86,80,5,8,13,9,13
21,179813,31,89,89,60.0,4,4,3,6.1,170,70,89,89,78,90,80,77,76,52,82,75,76,77,91,59,87,88,92,78,79,84,48,93,77,85,82,52,45,39,12,5,13,13,10
22,167495,32,89,89,38.0,5,4,1,6.4,203,15,13,25,55,11,30,14,11,59,48,54,60,51,84,35,25,77,43,80,16,29,30,12,70,47,70,17,10,11,90,86,91,87,87
23,153079,30,89,89,64.5,4,4,4,5.8,154,70,93,77,81,85,89,82,73,64,89,88,80,86,90,91,88,81,76,73,83,65,24,92,83,83,90,30,20,12,13,15,6,11,14
24,138956,33,89,89,27.0,4,3,2,6.2,187,58,33,83,59,45,58,60,31,59,57,63,75,54,82,55,78,89,65,89,49,92,88,28,50,50,84,93,93,90,3,3,2,4,3
25,231747,19,88,95,81.0,3,4,5,5.1,161,77,88,77,82,78,90,77,63,73,91,96,96,92,87,83,79,75,83,71,78,62,38,88,82,70,86,34,34,32,13,5,7,11,6
26,209331,26,88,89,69.5,3,3,4,5.9,157,78,90,59,82,73,89,83,60,72,88,94,91,91,91,88,77,68,84,70,83,63,55,90,82,61,91,38,43,41,14,14,9,11,14
27,200145,26,88,90,59.5,3,3,2,6.1,185,52,59,76,85,53,69,59,74,82,78,59,65,62,84,66,86,88,87,89,79,87,87,69,77,66,84,88,90,87,13,14,16,12,12
28,198710,26,88,89,69.5,4,3,4,5.11,172,90,83,62,89,90,85,89,86,83,90,73,67,83,85,76,86,54,70,68,92,64,55,80,89,81,87,52,41,44,15,15,15,5,14
29,198219,27,88,88,62.0,3,3,4,5.4,130,86,77,56,85,74,90,87,77,78,93,94,86,94,83,93,75,53,75,44,84,34,26,83,87,61,83,51,24,22,8,4,14,9,10
30,197781,26,88,91,73.5,3,3,4,5.9,174,75,79,55,89,65,94,88,76,83,95,75,69,87,77,90,69,64,70,59,87,58,64,78,89,76,86,60,64,51,10,8,12,15,6
31,190460,26,88,91,73.5,3,5,4,5.11,168,88,80,52,91,77,84,86,87,88,91,75,73,79,88,81,84,50,92,58,89,46,56,83,91,67,88,59,57,22,9,14,7,7,6
32,189242,26,88,89,69.5,3,4,5,5.8,150,79,79,48,88,75,91,91,86,83,92,89,75,92,83,93,83,59,79,61,93,59,49,84,90,70,85,55,54,47,12,7,9,14,6
33,188567,29,88,88,59.0,3,4,4,6.2,176,77,88,79,77,86,79,80,74,64,82,93,95,76,87,70,82,79,76,76,79,43,48,90,77,76,86,27,25,36,6,9,15,9,9
34,178603,29,88,88,46.0,4,3,3,6.3,203,64,55,87,81,60,68,65,53,85,81,53,64,63,87,60,71,68,66,84,51,69,92,56,79,68,91,88,90,88,15,6,10,5,6
35,176676,30,88,88,43.0,4,4,5,5.9,176,90,70,75,84,54,90,85,67,76,92,83,82,86,88,86,83,76,91,78,70,84,85,85,82,59,86,71,85,86,12,5,5,5,9
36,173731,28,88,88,60.0,4,3,4,6.1,181,87,86,84,85,85,87,90,87,80,85,94,95,82,85,65,92,87,75,80,91,65,59,85,79,76,86,54,55,52,15,15,11,5,6
37,167948,31,88,88,36.0,4,1,1,6.2,181,13,10,10,50,11,10,11,10,50,34,65,62,55,85,54,23,74,41,43,14,31,27,10,30,40,65,29,10,18,88,84,68,83,92
38,167664,30,88,88,57.0,4,4,3,6.1,196,68,92,80,75,90,84,74,62,59,85,73,73,75,86,69,86,79,70,85,80,50,20,92,74,70,86,35,22,18,5,12,7,5,10
39,164240,33,88,88,24.0,4,3,2,6.0,181,60,38,81,80,63,62,61,64,80,80,70,72,68,82,68,71,90,74,82,68,76,89,59,72,60,81,88,89,85,9,12,5,9,10
40,162835,33,88,88,30.0,3,2,1,6.4,203,12,10,10,36,12,12,12,14,34,16,51,55,47,83,36,22,78,41,71,19,25,22,12,41,23,69,25,10,13,87,86,69,89,89
41,1179,40,88,88,4.0,4,2,1,6.4,203,13,15,13,37,17,26,20,13,35,28,49,43,55,79,49,39,75,39,69,13,38,28,12,50,22,70,13,11,11,88,87,74,90,83
42,205600,24,87,92,57.0,3,3,2,6.0,165,69,51,79,81,70,69,72,62,73,77,71,73,68,82,66,83,89,78,84,74,81,87,58,58,61,82,90,89,86,15,10,14,12,15
43,201399,25,87,90,64.5,3,4,3,5.11,165,46,91,91,73,85,77,58,45,54,81,77,78,76,88,76,84,94,72,76,70,56,22,92,64,82,85,45,24,20,13,9,5,7,9
44,201024,27,87,90,51.0,3,3,2,6.2,196,30,19,81,66,14,66,28,28,56,60,68,75,50,80,40,55,81,71,94,15,87,88,24,43,33,78,91,88,86,7,11,7,13,5
45,195864,25,87,91,64.0,4,4,5,6.4,185,80,73,73,86,85,87,84,82,90,90,71,79,74,81,64,90,83,88,89,81,78,66,81,87,81,87,66,70,68,5,6,2,4,3
46,193041,31,87,87,30.5,3,3,1,6.1,176,11,15,11,30,11,16,11,15,37,19,54,53,60,84,61,21,74,39,75,13,32,20,16,68,25,67,28,14,14,90,81,75,82,90
47,192505,25,87,89,62.5,3,3,3,6.3,207,78,87,86,77,79,80,74,66,73,72,77,90,60,86,46,88,71,84,94,74,75,27,89,76,78,83,30,30,30,8,15,14,7,10
48,192387,28,87,87,52.0,3,4,3,6.1,187,55,90,81,74,87,83,70,51,49,83,78,85,77,87,63,86,77,80,76,80,77,40,91,65,78,81,34,33,32,6,8,15,12,6
49,189332,29,87,87,38.0,3,3,3,5.7,150,87,73,70,84,60,80,80,63,74,84,93,93,90,83,85,64,81,91,61,66,75,84,79,70,59,79,72,84,85,13,15,13,6,13
50,175943,31,87,87,45.0,3,4,4,5.7,134,77,86,35,82,70,91,82,79,74,89,93,85,94,88,92,80,60,75,42,81,59,36,87,83,79,81,25,40,40,7,10,8,10,4
51,172871,31,87,87,34.0,3,3,3,6.2,190,68,56,80,79,52,71,58,73,74,76,61,65,61,84,60,80,85,75,79,66,84,89,60,68,66,83,90,87,88,6,10,9,12,7
52,171877,30,87,87,46.5,3,5,3,6.0,174,78,79,74,88,79,86,80,72,83,87,69,68,76,88,66,82,71,84,67,83,56,72,88,86,70,84,75,73,62,8,6,4,14,14
53,168651,30,87,87,46.5,4,3,3,6.0,172,84,83,58,87,80,84,88,84,90,87,66,59,72,77,66,84,39,84,66,90,67,75,79,86,82,81,72,74,70,14,11,12,5,9
54,152729,31,87,87,34.0,4,3,2,6.4,187,57,64,83,81,57,59,58,43,80,78,49,60,58,84,36,62,74,65,83,51,72,88,58,62,69,86,91,86,84,10,11,14,15,8
55,222492,22,86,92,61.0,2,3,4,6.0,165,83,81,72,79,85,88,82,68,64,85,93,96,88,81,81,86,64,79,70,78,61,34,84,82,71,78,36,32,35,8,12,9,9,14
56,218667,23,86,91,59.5,2,3,4,5.8,141,85,75,51,85,69,92,83,67,79,91,84,74,90,82,88,70,50,78,48,72,58,49,83,86,68,85,49,44,35,9,10,14,12,9
57,210257,24,86,90,41.5,2,3,1,6.2,190,20,14,14,56,18,23,15,20,58,37,64,63,60,86,48,42,58,41,68,18,35,25,20,67,17,70,28,15,8,85,80,91,82,87
58,208722,26,86,87,52.0,3,4,4,5.9,152,73,84,62,79,71,87,74,64,71,86,95,93,91,86,86,82,75,84,67,74,73,35,87,82,71,80,42,42,38,10,10,15,7,14
59,203376,26,86,88,44.5,3,3,2,6.4,203,53,52,82,76,45,70,60,70,78,73,74,77,61,85,49,81,85,71,92,64,81,86,41,59,62,83,88,89,84,13,10,13,11,11
60,202652,23,86,89,56.5,3,3,4,5.7,152,77,77,38,84,67,88,70,63,69,87,95,92,93,87,93,73,57,78,52,73,38,30,87,77,69,77,47,58,54,15,12,12,15,9
61,201942,26,86,87,53.0,3,4,4,5.11,168,72,87,77,86,81,87,80,65,75,88,78,77,80,86,81,81,81,90,74,76,73,58,87,85,72,87,60,64,42,8,11,9,6,10
62,201535,25,86,91,50.0,3,3,2,6.3,179,36,40,83,75,42,57,46,54,76,77,83,85,63,83,40,52,79,73,84,53,77,82,44,56,43,82,87,88,87,11,11,9,5,14
63,199556,25,86,89,55.0,3,4,4,5.5,132,72,60,55,90,64,90,73,64,89,88,69,62,87,85,94,56,64,77,52,58,89,84,71,87,64,93,78,83,80,12,12,15,15,10
64,191043,27,86,86,36.5,3,3,3,5.11,176,84,55,76,81,68,80,78,59,71,81,83,86,79,84,78,80,79,92,79,72,82,82,70,70,60,82,81,84,84,7,7,9,12,5
65,190483,27,86,86,46.5,3,3,5,5.8,154,84,67,50,84,76,92,84,78,68,91,97,93,93,84,91,86,61,78,63,80,55,48,76,84,77,84,45,38,34,13,15,9,12,5
66,189596,28,86,86,45.0,4,4,3,6.1,165,79,87,82,83,84,75,81,59,72,82,73,75,75,91,72,78,81,87,68,80,57,58,92,85,60,83,44,41,44,6,7,11,14,14
67,189509,27,86,86,45.5,3,3,5,5.9,154,72,69,54,90,90,90,85,77,87,90,78,69,90,84,86,75,75,75,59,79,57,78,79,86,75,85,67,63,65,6,11,7,9,13
68,188350,29,86,86,43.5,4,4,4,5.11,157,79,87,49,86,90,87,89,84,75,86,86,85,86,87,81,88,70,73,67,86,49,50,88,86,89,84,47,36,45,12,12,13,13,11
69,184432,28,86,86,35.0,3,3,2,5.1,168,81,46,76,81,51,69,68,58,80,77,76,76,72,88,73,68,76,87,71,60,82,89,62,74,66,78,88,90,86,13,9,10,6,5
70,184344,31,86,86,30.0,3,3,2,6.3,187,44,48,86,77,58,69,56,61,85,75,57,65,60,84,52,74,85,71,83,65,82,90,38,74,70,86,90,86,80,2,2,3,2,4
71,184087,29,86,87,39.0,3,3,2,6.1,179,64,45,82,79,38,62,63,69,85,74,61,66,60,86,50,78,84,74,79,65,80,87,58,67,58,81,90,91,86,16,6,14,16,14
72,180206,28,86,86,44.0,3,4,3,5.1,159,80,60,60,89,72,86,86,92,85,89,66,66,77,84,79,78,61,78,66,82,70,78,70,88,79,86,75,74,70,7,7,13,7,8
73,177509,31,86,86,30.0,3,3,2,6.2,207,45,47,83,65,44,64,34,27,65,64,65,75,59,82,53,66,85,69,91,24,86,86,38,47,41,82,89,87,85,7,4,8,7,11
74,176635,29,86,86,43.5,4,2,4,5.11,168,83,73,54,89,80,84,84,77,82,90,72,69,79,84,70,70,48,69,57,75,48,24,83,91,67,82,24,16,19,6,14,10,6,14
75,135507,33,86,86,18.0,3,4,3,5.1,148,68,69,63,85,74,77,70,72,81,82,68,67,72,86,78,83,76,79,76,78,87,88,70,75,61,79,85,85,80,12,11,5,13,7
76,41,34,86,86,21.5,4,4,4,5.7,150,77,70,54,90,74,90,80,70,85,92,70,67,79,86,84,65,47,55,58,71,58,66,81,93,71,89,67,57,56,6,13,6,13,7
77,232363,23,85,92,46.5,1,4,2,6.2,176,40,42,80,70,40,59,34,30,68,67,70,73,48,81,48,50,78,77,83,30,86,86,30,57,56,80,92,88,82,10,13,12,8,12
78,223848,23,85,90,50.5,2,4,4,6.3,168,64,80,86,85,74,86,78,75,85,87,68,70,66,80,59,83,85,85,88,80,73,78,79,85,56,82,75,77,72,7,10,7,16,7
79,220834,22,85,92,54.0,3,3,4,6.0,168,82,82,50,83,79,86,83,76,82,85,85,82,79,82,76,86,58,76,61,88,45,45,82,84,62,83,40,42,39,13,9,6,12,10
80,216594,24,85,89,50.0,3,3,4,5.8,165,83,82,49,83,77,90,81,79,75,89,79,79,90,80,91,84,69,80,82,82,73,28,81,81,81,89,31,37,25,15,9,8,14,15
81,212831,25,85,90,36.5,3,3,1,6.3,201,17,13,19,45,20,27,19,18,44,30,54,45,40,84,37,21,52,32,78,14,27,11,13,66,23,65,15,19,16,83,81,85,84,88
82,212622,23,85,88,40.5,3,4,3,5.9,154,90,66,74,85,61,80,81,61,80,85,78,68,84,85,83,75,79,85,65,69,74,79,80,79,44,82,75,81,79,8,15,7,15,15
83,208421,23,85,90,50.5,3,4,3,6.0,170,69,78,83,85,76,83,72,60,83,85,74,73,76,82,69,78,79,86,77,79,69,78,82,82,55,83,77,79,76,7,13,12,10,9
84,204485,27,85,85,40.5,3,4,5,5.1,148,81,80,48,82,72,91,84,78,76,90,88,83,93,77,88,79,61,76,54,81,48,39,80,81,73,86,45,31,18,15,9,13,11,6
85,197445,26,85,87,38.0,4,4,3,5.11,168,81,63,75,82,68,79,78,84,80,83,79,86,79,84,77,83,82,87,71,82,69,84,76,77,80,79,80,82,80,5,7,14,15,9
86,193747,26,85,86,45.0,3,4,3,5.9,163,86,72,61,90,56,82,85,76,89,86,71,68,74,85,78,84,61,90,79,81,71,66,84,87,59,78,80,69,51,14,12,5,10,13
87,193301,27,85,86,45.0,3,4,4,5.9,161,64,88,73,80,81,85,74,71,59,83,81,84,85,85,85,83,76,79,73,75,70,42,86,76,84,85,29,42,30,11,6,9,5,6
88,192774,27,85,87,37.5,3,2,2,6.2,183,27,10,80,60,16,54,30,10,61,65,80,85,68,85,59,40,86,76,82,12,86,86,25,22,26,79,86,87,89,8,6,8,15,12
89,192366,30,85,85,28.5,3,3,2,6.0,179,52,54,85,75,57,51,50,39,72,70,57,61,64,79,62,69,92,67,80,56,91,84,51,53,45,80,83,85,84,12,5,8,11,12
90,189513,29,85,85,37.0,2,4,3,6.0,163,84,79,61,90,72,78,89,90,87,84,51,43,66,78,72,78,51,78,72,82,58,81,81,86,83,78,69,68,60,5,9,12,14,8
91,187961,29,85,85,37.0,3,3,3,6.0,157,64,81,85,84,75,82,66,72,80,84,73,73,69,84,66,83,90,92,81,80,81,81,84,78,71,80,75,81,73,16,16,11,6,8
92,186153,28,85,87,32.0,3,3,1,6.5,198,12,12,16,32,14,11,16,14,36,22,51,47,55,82,51,15,71,45,65,14,40,15,14,48,18,65,20,13,12,85,81,71,85,87
93,184941,29,85,85,37.5,4,3,4,5.7,163,77,80,73,77,83,87,79,78,75,86,86,79,90,83,87,84,87,83,72,81,79,46,84,82,77,84,38,44,35,10,10,15,12,13
94,184267,28,85,85,39.0,3,3,4,5.9,146,79,76,46,79,73,93,84,78,72,86,87,75,92,84,87,69,72,85,49,76,46,38,83,79,75,90,51,36,25,13,16,12,7,7
95,183907,29,85,85,30.0,4,4,2,6.4,198,69,34,85,75,52,64,53,31,83,70,67,72,56,82,52,78,74,69,91,58,81,81,47,75,46,84,84,87,87,7,12,15,6,5
96,181872,31,85,85,26.0,4,4,3,5.11,165,76,75,82,83,78,76,76,68,79,82,60,55,74,84,75,86,85,83,79,85,93,84,80,80,81,81,82,87,86,4,2,4,2,4
97,181458,29,85,85,37.5,3,5,4,6.1,176,83,79,80,81,81,84,73,75,77,85,84,88,78,81,74,84,84,89,78,79,65,69,85,79,76,80,64,52,54,6,7,10,9,6
98,180930,32,85,85,30.5,3,5,2,6.4,185,63,89,84,77,77,76,65,54,72,84,65,66,57,83,36,86,66,76,80,79,51,50,89,74,67,83,58,28,16,9,11,13,15,15
99,179846,31,85,85,33.0,3,4,2,6.2,198,72,72,76,85,78,81,68,68,82,84,54,60,55,87,54,82,68,78,87,78,82,86,79,82,69,84,80,83,76,11,9,5,15,8
100,179844,29,85,85,38.5,4,4,2,6.2,190,65,87,82,65,81,77,62,59,52,83,74,76,58,85,53,83,64,76,92,74,93,40,87,74,75,83,58,39,34,11,13,12,8,11
101,178518,30,85,85,35.5,3,3,3,5.9,170,73,75,59,84,75,80,73,68,81,85,78,73,76,87,82,84,76,93,77,86,88,86,86,76,63,84,83,86,90,11,11,14,8,11
102,171919,35,85,85,9.0,3,4,2,6.6,201,45,57,94,76,60,60,52,76,70,68,60,65,46,85,36,92,45,61,83,82,72,83,53,59,60,84,86,88,85,14,10,14,8,14
103,170890,31,85,85,26.0,3,2,2,5.11,165,75,64,68,83,72,78,65,52,77,79,79,77,83,84,79,78,84,94,76,70,86,86,72,76,56,82,85,84,86,8,11,5,10,14
104,168609,33,85,85,15.5,3,3,2,6.1,172,48,43,80,70,51,67,32,39,69,73,66,69,61,81,57,70,82,65,79,41,83,85,43,58,49,81,90,90,85,12,6,10,13,12
105,165153,30,85,85,37.0,4,4,4,6.1,179,75,81,80,83,82,83,79,73,62,86,76,76,76,83,66,81,73,75,80,75,65,22,86,85,82,79,47,15,12,13,11,5,5,7
106,164169,32,85,85,21.5,3,3,3,6.0,163,86,59,72,80,56,77,74,75,77,83,76,75,75,85,62,71,71,89,74,60,81,84,71,70,65,88,78,84,86,11,15,9,9,5
107,139720,32,85,85,22.0,4,3,2,6.3,187,61,45,84,73,46,63,61,52,66,70,52,59,57,87,41,75,72,66,87,55,87,82,41,59,63,81,87,85,84,10,9,5,8,6
108,120533,35,85,85,9.0,4,3,2,6.2,179,46,46,80,70,23,58,44,47,61,62,65,70,63,83,49,63,76,60,86,56,94,85,40,48,57,79,86,85,82,8,15,5,9,10
109,41236,36,85,85,14.0,5,4,5,6.5,209,73,86,83,79,86,79,82,82,73,84,58,59,75,82,39,90,68,61,86,82,84,20,85,79,89,90,28,37,24,13,15,10,9,12
110,220793,22,84,88,34.0,2,3,2,6.2,174,36,40,80,77,28,63,30,27,67,73,72,79,60,80,55,66,73,76,83,44,87,82,34,49,44,75,84,85,88,9,7,10,6,15
111,216460,23,84,88,34.0,2,3,2,6.1,176,47,37,81,68,30,47,36,44,58,56,69,70,56,76,43,72,92,67,85,48,89,85,24,27,38,73,88,86,87,9,11,7,10,15
112,212462,25,84,87,32.0,3,2,3,5.11,157,89,65,74,83,67,82,87,79,86,82,84,85,73,83,70,80,81,92,68,75,78,80,76,74,68,80,80,81,79,13,8,12,11,14
113,212218,24,84,88,34.0,2,3,2,6.2,187,58,45,85,76,40,59,61,69,78,73,62,66,45,83,55,68,75,67,82,47,75,85,54,57,44,77,85,86,87,10,11,5,14,5
114,212198,23,84,88,40.5,2,3,4,5.1,152,84,73,58,85,84,83,85,81,82,85,79,76,77,84,78,87,72,89,67,88,65,70,79,86,81,83,63,66,53,12,14,15,8,14
115,212190,22,84,90,36.5,2,3,2,6.5,214,30,20,86,78,31,42,28,30,63,63,52,84,33,79,33,77,38,65,94,62,82,82,26,30,32,72,82,85,83,15,7,14,7,15
116,211300,22,84,90,42.5,3,3,4,6.0,168,76,84,69,77,74,87,84,54,60,86,88,89,85,81,81,84,74,75,75,80,58,42,83,73,81,79,38,39,36,9,8,8,15,11
117,211117,22,84,90,42.5,3,3,4,6.2,176,69,83,77,85,79,83,75,68,80,85,73,76,76,85,62,78,67,90,71,80,84,74,86,85,74,86,70,70,63,7,6,9,11,8
118,209499,24,84,88,34.0,3,2,3,6.2,172,79,66,75,83,47,76,71,53,78,82,69,72,69,83,67,78,75,92,79,65,85,84,70,75,91,84,83,86,84,13,12,6,8,8
119,207865,24,84,89,35.5,3,3,2,6.0,165,72,33,80,81,31,59,49,32,78,76,73,76,69,81,68,53,86,75,74,35,80,84,46,51,31,79,85,87,87,6,6,12,10,13
120,207566,26,84,86,31.5,3,4,3,6.2,183,68,52,73,84,50,80,79,50,86,79,49,53,51,75,51,59,69,84,90,55,75,84,64,83,60,89,84,85,68,6,6,5,14,14
121,205498,26,84,87,38.0,2,3,3,5.11,148,75,57,56,89,71,82,75,76,87,85,75,69,80,83,73,71,58,79,66,62,79,78,72,87,84,79,63,78,70,14,7,13,14,8
122,204970,25,84,87,39.0,2,3,4,5.1,154,83,81,75,83,74,85,86,72,76,86,87,80,86,83,71,83,76,83,66,82,56,42,83,80,74,82,46,29,31,8,11,14,10,9
123,204963,26,84,87,31.5,3,3,3,5.8,161,83,41,70,81,34,76,72,47,71,83,79,84,81,82,79,64,76,84,74,36,81,83,61,57,45,77,83,83,85,13,13,15,9,15
124,202556,24,84,89,42.0,3,3,5,5.9,172,79,79,65,80,74,85,85,88,74,85,87,87,82,79,79,87,74,79,80,81,76,28,83,82,75,79,29,31,20,8,14,6,12,10
125,200104,25,84,85,37.0,3,5,4,6.0,143,78,85,65,79,79,88,81,70,64,85,88,87,82,84,76,86,63,85,63,88,60,39,85,80,71,82,48,34,33,11,13,13,6,10
126,199482,27,84,86,25.0,2,2,1,6.0,179,19,18,16,32,13,15,15,14,31,21,63,64,67,84,62,20,82,36,73,18,43,25,9,48,16,65,13,15,13,86,80,75,81,88
127,198176,26,84,86,31.5,3,4,2,6.2,172,49,25,80,71,27,63,45,16,71,71,67,69,61,80,59,65,76,66,80,60,78,87,32,59,41,82,88,87,83,8,10,7,14,13
128,198009,25,84,89,29.5,2,3,1,6.2,170,11,11,12,33,19,19,15,13,31,23,57,56,70,79,30,23,75,30,52,17,25,19,12,44,21,65,20,12,19,81,85,71,79,90
129,193082,30,84,84,29.5,3,3,5,5.1,159,80,67,58,80,70,90,78,69,69,85,89,93,91,80,82,84,75,78,61,80,78,62,78,76,65,80,63,70,74,5,5,13,6,9
130,192629,30,84,84,30.0,2,3,3,5.9,148,80,88,78,79,83,86,80,76,64,85,85,78,87,85,74,79,68,75,60,82,63,39,86,75,82,85,39,21,18,12,16,9,12,13
131,192563,26,84,87,27.0,3,4,1,6.3,183,9,9,13,45,10,16,9,8,40,22,46,52,52,80,44,23,73,43,68,14,28,22,7,54,23,66,27,15,18,84,82,75,85,82
132,191202,29,84,84,24.0,3,3,3,6.4,187,71,64,74,84,73,80,72,67,83,79,52,59,44,83,50,83,67,84,85,75,80,86,69,73,64,84,83,84,75,7,15,12,14,9
133,190941,28,84,84,22.0,2,3,1,6.4,187,11,11,11,15,9,10,11,15,20,20,38,44,43,83,39,14,69,34,55,14,31,18,9,53,20,48,10,10,13,85,79,68,82,88
134,190584,28,84,84,31.0,2,3,4,5.1,165,68,72,51,86,58,78,76,68,82,83,66,57,71,84,75,69,63,77,68,76,76,87,79,86,50,79,69,83,80,15,7,11,14,12
135,188377,28,84,84,24.5,3,2,2,6.0,154,81,51,74,78,57,79,76,71,67,78,86,93,67,83,72,86,83,89,75,69,78,81,67,69,63,75,78,84,83,12,6,16,15,8
136,186942,27,84,84,32.0,3,4,4,5.11,176,74,73,50,88,75,85,81,74,83,86,67,68,78,85,78,77,61,69,72,73,70,77,79,86,76,87,73,68,64,11,14,5,5,13
137,185020,31,84,84,27.5,3,3,3,5.1,161,82,78,65,80,84,82,73,65,51,85,88,89,85,82,80,78,73,91,55,80,54,40,88,78,62,79,64,32,32,8,5,14,11,11
138,183898,30,84,84,29.5,4,2,5,5.11,152,83,72,51,82,77,86,84,82,79,85,85,84,92,80,77,83,72,73,60,77,73,38,82,82,73,82,35,59,56,10,7,11,12,11
139,181783,32,84,84,25.0,3,3,3,6.3,187,72,84,90,75,86,76,64,49,67,77,67,73,67,86,53,80,85,83,85,60,88,66,90,74,76,80,59,64,64,10,8,5,8,15
140,180403,29,84,84,30.5,3,4,4,5.9,172,76,77,31,80,59,88,82,83,77,84,91,86,89,82,79,79,41,85,60,81,44,55,80,83,70,79,43,57,51,14,12,13,7,13
141,178750,29,84,85,24.0,2,3,1,6.2,192,24,14,13,39,15,15,23,22,39,14,59,54,62,79,58,24,73,41,73,13,20,22,12,46,15,64,24,15,14,85,83,77,82,84
142,178562,30,84,84,29.0,3,4,4,5.9,157,80,66,49,88,65,84,83,81,87,86,68,64,79,77,83,74,57,74,67,78,73,76,75,88,78,80,75,69,64,13,8,7,7,10
143,177413,29,84,84,24.0,3,4,4,6.2,179,69,71,80,89,77,78,69,68,79,84,67,74,78,84,60,78,76,86,82,74,82,80,75,79,81,89,80,79,85,5,7,7,10,7
144,177388,31,84,84,27.5,3,4,4,5.9,170,87,78,59,84,77,86,90,84,80,90,75,72,79,75,80,80,48,73,72,82,57,37,79,87,74,82,32,36,39,11,15,9,14,12
145,176769,34,84,84,16.5,3,5,3,5.11,163,70,88,84,76,85,84,85,77,75,88,65,64,77,85,69,84,69,66,63,85,61,34,87,83,84,87,31,36,25,12,11,7,8,5
146,172879,30,84,84,23.0,3,2,2,6.1,187,47,44,85,60,46,58,29,35,51,58,64,73,60,81,64,77,86,69,86,48,88,77,49,45,24,82,85,87,85,6,8,5,12,5
147,167628,31,84,84,19.0,3,3,1,6.2,205,11,11,12,33,13,12,17,12,34,15,45,50,51,78,55,21,72,37,76,11,31,25,12,49,25,66,13,12,11,82,84,77,85,82
148,167397,32,84,84,25.0,3,4,3,5.1,159,55,86,89,79,84,75,83,73,58,82,69,66,76,85,75,79,91,68,75,80,75,41,88,70,81,87,39,42,19,10,13,6,9,5
149,163587,31,84,84,19.0,2,3,1,6.2,196,18,12,16,44,15,12,13,15,46,40,59,60,62,81,47,36,60,34,64,14,35,20,13,59,26,67,14,14,13,82,77,82,80,88
150,157481,32,84,84,18.0,3,3,2,6.3,181,38,27,77,74,31,59,53,45,72,71,54,53,53,82,56,65,77,55,82,53,81,86,30,57,37,75,89,87,85,8,6,5,9,8
151,143076,30,84,84,30.0,3,4,4,5.5,150,82,76,38,82,72,89,79,79,74,87,94,86,92,83,94,76,70,75,48,79,56,40,81,85,72,84,50,30,34,8,11,12,9,6
152,137186,37,84,84,4.2,3,3,2,6.2,192,40,21,72,65,35,64,50,31,65,65,61,77,52,80,64,54,81,53,83,39,66,90,28,62,60,88,94,90,82,4,2,4,2,4
153,20775,34,84,84,15.5,3,4,5,5.9,148,92,67,41,79,80,89,94,73,75,88,84,82,91,78,84,79,63,65,55,80,74,24,78,84,74,80,29,17,13,12,14,10,5,15
154,9014,34,84,84,15.5,4,2,4,5.11,176,80,85,51,82,86,89,90,81,71,88,83,76,87,85,90,86,60,64,67,86,47,37,84,80,78,85,30,26,26,10,8,11,5,15
155,231443,21,83,92,40.0,3,5,4,5.1,148,78,78,43,78,76,90,78,64,70,83,93,92,90,82,85,83,59,73,46,70,54,36,79,84,75,75,42,30,33,6,6,14,10,13
156,230666,21,83,92,41.0,2,3,4,5.9,161,66,84,74,76,72,86,76,54,66,85,87,85,92,86,91,78,77,84,68,73,73,32,88,77,78,82,53,23,19,13,8,6,6,15
157,230481,26,83,83,28.0,1,4,4,5.1,165,83,74,64,83,76,85,86,78,82,83,88,87,85,84,76,82,64,86,70,78,62,40,82,83,77,81,24,35,33,12,12,13,15,13
158,230375,26,83,83,22.5,1,3,2,6.1,176,40,38,83,74,44,56,45,49,61,70,83,78,77,85,68,53,69,76,73,41,88,84,38,42,56,71,85,87,82,16,15,13,15,10
159,230294,26,83,83,28.5,1,3,4,6.2,183,56,85,83,73,82,75,59,67,47,74,79,83,55,84,55,85,84,56,87,82,65,32,83,58,77,79,26,27,24,8,11,20,19,20
160,225850,22,83,89,30.5,2,3,3,6.2,176,62,31,79,79,33,58,50,32,75,78,75,78,74,79,65,55,77,80,84,39,85,83,39,60,50,80,80,83,83,7,8,14,15,9
161,220971,23,83,88,34.0,2,4,4,5.8,141,62,74,42,88,71,88,64,70,78,88,78,60,89,82,90,76,53,82,58,73,78,75,74,81,58,79,68,62,61,7,14,15,14,9
162,219683,23,83,88,34.0,2,3,3,5.11,179,67,75,82,84,62,77,66,73,86,81,75,66,75,83,74,82,90,87,77,81,81,76,79,80,70,74,75,78,71,7,10,14,9,14
163,213565,22,83,89,35.5,3,2,4,5.7,137,83,75,54,84,78,85,85,81,75,86,86,84,87,80,86,79,71,79,63,76,63,66,77,85,68,80,55,59,63,11,15,13,7,14
164,213345,22,83,87,34.0,2,3,5,5.1,157,81,76,52,77,77,88,84,70,63,83,95,93,87,81,84,77,75,76,61,73,36,23,79,75,70,75,29,17,15,5,3,5,3,5
165,213331,22,83,88,29.5,2,4,2,6.5,214,35,20,80,74,24,55,30,27,69,64,64,77,48,82,44,44,72,63,93,25,76,80,27,61,38,75,80,88,84,11,8,7,9,14
166,212523,24,83,90,36.5,2,4,4,6.3,176,78,80,77,81,76,82,86,87,79,84,77,76,76,79,65,84,58,76,72,88,67,58,86,81,71,74,55,62,42,13,11,13,12,10
167,212188,22,83,87,34.5,3,4,3,5.11,165,69,87,76,77,82,83,62,56,55,84,93,93,81,86,76,74,78,83,59,67,63,37,85,61,72,74,39,20,19,9,9,8,15,9
168,210008,23,83,87,33.0,2,3,3,6.4,176,70,69,77,85,72,79,73,59,83,83,73,74,79,83,72,80,73,82,80,79,76,80,76,80,69,82,70,81,75,9,12,9,7,15
169,209658,23,83,88,34.0,3,4,3,6.2,174,75,72,75,84,68,81,76,75,79,83,84,79,76,83,70,77,67,86,70,78,80,83,77,82,60,80,70,79,78,13,8,15,11,9
170,208808,26,83,84,30.5,2,4,5,5.9,159,79,86,60,78,69,84,75,76,73,82,90,91,87,82,79,82,82,83,61,83,60,33,79,81,74,78,36,30,32,10,13,6,7,13
171,208670,25,83,86,32.5,3,2,4,5.11,143,84,68,53,86,77,83,90,78,89,83,76,74,85,82,78,80,38,86,59,75,71,62,75,88,73,83,52,66,36,11,7,11,8,14
172,208618,27,83,83,27.0,2,4,4,5.8,154,86,73,52,83,54,82,82,75,75,83,84,79,79,85,84,82,68,90,57,80,65,44,81,83,56,75,42,50,44,9,16,9,9,7
173,208418,24,83,86,33.0,3,4,4,5.11,161,78,79,53,77,68,88,81,78,71,87,89,87,88,83,71,84,68,74,59,75,61,18,81,71,74,75,58,39,26,9,11,9,10,10
174,208093,26,83,85,32.0,1,4,4,5.11,170,61,83,80,78,79,78,71,56,56,81,77,80,70,82,69,81,72,72,74,77,55,40,83,58,73,72,43,41,41,15,12,7,12,10
175,207863,29,83,83,20.0,3,3,2,6.3,190,45,39,81,74,44,57,32,30,67,62,60,67,52,77,57,46,90,78,86,41,92,81,34,50,47,75,85,85,79,9,11,14,9,7
176,207410,24,83,89,35.0,3,4,4,5.9,172,73,62,42,87,76,88,78,68,82,89,84,74,81,70,85,79,63,82,65,75,77,78,69,88,59,72,69,75,63,9,5,6,7,7
177,206585,23,83,91,28.5,1,4,1,6.1,187,25,11,17,32,18,10,25,19,36,16,34,33,41,79,39,25,71,37,51,14,18,21,15,55,24,63,19,18,16,84,80,76,80,84
178,206545,26,83,84,30.0,2,4,4,5.1,165,72,71,74,86,63,80,80,69,83,83,68,65,76,82,72,81,77,77,63,80,71,69,77,84,65,73,70,73,60,9,14,12,7,8
179,206113,22,83,88,34.5,2,4,4,5.9,165,74,81,46,79,83,87,64,62,68,83,92,90,87,80,88,85,64,68,68,81,63,38,80,74,68,74,45,48,45,14,10,10,9,7
180,204935,24,83,88,25.0,1,4,1,6.1,170,17,19,15,55,20,14,18,16,55,40,53,44,55,83,55,31,72,45,70,13,30,24,18,68,41,69,16,20,12,83,78,88,81,86
181,204639,27,83,86,26.0,2,3,2,6.2,174,35,34,85,72,27,47,34,28,69,68,55,61,61,82,49,43,87,58,77,31,83,84,29,41,37,75,86,83,84,14,13,14,13,12
182,203574,24,83,87,28.5,2,4,3,6.2,154,62,29,83,81,27,69,47,29,74,80,67,71,61,82,59,46,75,79,77,38,79,81,48,67,44,80,85,85,82,7,15,11,10,8
183,202651,24,83,86,33.0,3,3,4,5.9,154,84,70,50,86,72,88,87,80,75,89,83,77,86,78,84,78,50,77,56,87,23,20,76,84,72,76,50,23,18,15,15,9,8,9
184,202166,24,83,86,32.5,3,5,4,6.2,170,83,78,65,84,84,88,78,76,79,89,78,77,80,83,75,86,75,69,66,82,48,66,79,84,63,83,39,64,44,11,13,5,13,8
185,201995,25,83,85,31.5,3,4,4,5.9,154,79,71,44,80,68,90,71,69,74,88,93,89,89,74,88,83,38,72,53,84,67,69,73,79,53,82,47,60,54,12,10,9,5,7
186,200949,25,83,84,31.0,3,3,4,5.9,154,75,78,50,77,70,88,69,74,74,81,94,90,94,76,90,79,77,75,59,76,72,50,80,74,74,80,31,43,51,9,10,14,7,14
187,200888,26,83,86,27.0,3,3,3,6.2,183,50,61,78,82,55,76,48,53,79,78,63,68,58,76,60,76,67,83,89,65,85,84,69,73,52,84,83,84,75,9,7,13,14,15
188,200724,28,83,85,24.5,2,4,2,5.11,168,70,32,82,80,38,55,55,37,61,78,70,79,60,79,68,54,81,78,79,28,78,81,37,53,45,73,75,86,85,12,7,10,15,7
189,200316,25,83,87,24.0,2,3,1,6.4,198,19,13,14,35,14,20,12,15,32,22,45,51,50,80,31,22,64,31,67,17,41,22,15,55,21,20,14,13,12,83,80,83,82,86
190,199914,27,83,83,26.5,2,3,4,5.9,163,70,72,59,85,56,82,65,49,77,80,81,74,82,86,80,70,70,95,77,66,87,86,79,79,53,79,85,85,83,13,13,5,5,8
191,199845,30,83,83,19.0,2,3,3,6.4,194,25,37,80,73,39,65,62,56,77,72,65,55,33,81,35,75,68,81,83,60,73,85,20,65,72,85,87,87,85,11,9,9,13,11
192,199564,26,83,86,26.5,3,3,4,5.1,150,85,63,72,86,50,78,74,60,78,83,78,79,69,80,74,65,47,85,69,66,68,81,69,83,57,76,75,83,83,14,16,11,15,10
193,198329,27,83,84,30.5,2,3,4,6.0,170,72,78,80,78,77,82,83,67,58,82,88,91,84,80,77,83,78,78,72,76,60,31,83,74,77,77,44,41,40,7,13,10,11,5
194,197965,28,83,83,25.5,3,4,3,5.1,159,79,76,45,83,77,80,83,76,84,82,82,73,77,81,77,75,67,86,59,78,68,70,84,85,76,85,66,66,52,15,14,9,9,15
195,195365,27,83,83,26.5,2,4,3,5.1,148,72,63,34,84,68,86,78,75,79,84,84,71,91,84,80,69,67,88,47,73,64,75,73,82,64,83,65,64,59,13,11,7,6,16
196,194404,28,83,84,21.0,2,2,1,6.3,185,11,15,14,36,12,19,12,13,41,24,53,49,59,79,49,28,80,39,63,20,40,15,11,42,22,64,17,14,15,85,79,79,78,82
197,193698,28,83,84,21.0,2,1,1,6.2,181,14,11,16,30,11,19,12,11,25,17,47,51,45,81,43,21,73,39,69,13,32,21,10,41,22,52,15,18,14,82,82,70,82,85
198,193474,28,83,83,21.0,2,3,3,5.9,146,60,50,69,80,32,75,33,61,72,79,76,72,80,81,80,80,87,89,70,66,84,87,67,67,54,80,84,89,84,8,6,8,12,13
199,192883,29,83,83,25.5,3,5,4,5.1,165,77,74,53,80,81,84,83,64,71,86,84,78,87,79,85,85,69,83,62,73,69,64,82,84,72,76,41,53,55,5,11,14,5,7
200,192638,27,83,84,24.0,2,3,3,6.2,192,85,68,83,84,70,79,85,86,73,83,69,76,64,84,58,84,71,90,76,77,75,79,79,69,64,76,79,82,79,9,7,13,9,12
201,192593,33,83,83,13.0,3,2,1,6.3,185,11,10,13,24,13,11,24,57,26,19,51,54,42,78,37,24,75,32,80,14,31,20,15,52,23,65,14,14,13,82,80,79,82,84
202,190547,30,83,83,19.0,3,2,2,6.3,176,29,27,85,63,17,51,35,26,59,59,50,52,34,78,51,57,81,67,90,20,86,83,24,23,39,79,82,85,82,10,14,5,8,10
203,189712,28,83,83,21.0,3,3,3,6.1,176,74,68,68,87,63,75,75,70,84,84,65,66,65,83,68,81,53,79,81,70,86,83,78,79,77,85,75,84,75,7,12,11,6,7
204,189068,29,83,83,26.0,3,3,2,6.5,196,38,87,94,73,85,68,61,30,37,74,49,54,32,85,32,82,51,82,92,72,70,39,89,68,88,81,38,45,26,6,12,15,11,8
205,188152,26,83,84,30.5,3,3,4,5.1,146,74,76,54,86,63,78,77,75,82,84,75,72,86,81,80,80,64,76,38,77,43,45,79,83,68,75,66,52,47,12,10,15,12,12
206,186627,27,83,83,27.5,4,4,4,6.2,194,68,85,67,78,78,81,78,78,66,85,76,82,71,68,50,89,74,66,86,79,70,30,79,74,92,81,10,22,20,2,2,2,4,2
207,185221,30,83,83,19.0,3,3,3,6.2,172,63,48,72,79,54,68,42,60,77,73,65,64,65,83,62,80,76,85,81,73,88,83,53,69,58,79,82,84,86,10,6,11,12,13
208,184942,28,83,83,26.0,2,3,4,5.8,150,77,79,59,82,65,84,67,71,79,84,85,79,85,81,85,78,61,82,74,76,71,42,81,80,79,82,49,43,38,16,11,13,9,8
209,179944,31,83,83,17.5,4,3,3,6.2,190,68,55,81,77,63,66,70,76,77,79,59,62,69,75,56,79,78,66,79,73,85,85,54,69,75,77,79,83,82,11,12,10,7,14
210,179783,29,83,84,20.0,2,1,1,6.6,216,14,11,15,25,11,15,18,11,26,24,38,47,39,83,36,24,72,32,79,9,36,23,11,42,21,61,10,12,10,83,81,52,82,87
211,178088,30,83,83,24.5,3,3,4,5.7,139,83,78,56,85,71,82,84,86,79,88,69,62,84,85,89,75,70,71,37,72,50,39,83,85,81,87,42,31,21,9,10,14,5,8
212,178086,31,83,83,15.5,2,2,1,6.3,203,12,11,23,34,15,12,11,12,43,15,56,54,55,77,51,25,71,32,77,12,41,20,11,42,25,63,20,14,18,81,84,78,84,83
213,178005,30,83,83,16.5,3,2,1,6.3,185,12,12,11,31,17,20,10,16,30,23,53,57,61,80,54,38,79,45,77,11,39,22,13,64,32,66,14,13,11,85,81,80,79,82
214,177683,29,83,84,20.0,3,4,1,6.0,174,13,13,10,40,8,15,12,13,31,25,48,54,55,80,58,23,73,45,68,12,38,21,15,58,24,57,9,19,12,78,84,80,80,85
215,177610,29,83,83,20.0,3,3,2,6.4,190,60,43,87,77,58,60,46,45,74,74,49,53,53,83,48,76,85,74,84,62,90,87,51,75,52,80,85,86,86,5,12,9,11,8
216,177457,29,83,83,20.0,3,3,2,6.1,179,69,59,78,79,57,72,49,47,74,75,66,67,65,83,63,74,77,86,76,71,79,86,69,76,52,83,88,86,82,12,6,7,12,7
217,176266,31,83,83,17.5,3,3,3,5.1,172,63,62,72,82,59,77,74,47,81,78,67,67,78,82,80,77,82,80,67,66,80,87,66,81,61,86,82,82,78,10,8,8,5,6
218,163705,33,83,83,13.0,3,3,1,6.1,181,14,13,13,37,13,15,13,12,28,17,53,43,52,80,36,24,74,31,61,11,37,23,11,55,11,64,13,15,13,86,81,70,79,84
219,162895,31,83,83,22.0,4,3,3,5.1,170,85,72,74,90,81,79,78,81,89,85,56,54,62,81,75,77,63,56,61,70,45,50,72,91,78,92,64,59,58,6,10,8,15,15
220,162240,30,83,83,24.0,3,2,4,6.1,181,65,66,70,86,73,89,65,55,80,89,72,72,79,83,76,81,75,70,89,70,79,82,70,80,63,90,75,82,70,16,14,11,16,14
221,156616,35,83,83,11.5,4,4,5,5.7,159,80,74,41,83,79,84,83,81,74,87,78,78,84,83,90,75,34,58,60,71,51,33,77,84,78,85,31,25,26,15,6,9,7,10
222,104389,33,83,83,13.0,2,4,1,6.3,181,18,13,16,34,16,11,10,14,34,23,40,46,35,76,45,21,59,31,70,18,34,19,15,37,13,55,12,11,13,79,82,76,86,84
223,53302,34,83,83,8.0,3,4,2,6.0,183,57,50,81,81,74,64,62,71,80,77,63,67,64,80,72,81,77,74,81,72,84,87,55,71,75,87,90,82,80,10,7,13,10,9
224,24630,35,83,83,6.0,3,3,1,6.2,203,11,14,13,19,11,10,11,11,22,23,50,63,50,82,60,24,73,34,72,15,32,22,13,65,24,64,20,22,24,80,83,82,82,82
225,236583,26,82,85,19.5,1,3,1,6.5,179,11,16,14,28,19,12,10,14,17,19,35,37,39,78,27,21,36,20,68,17,22,13,14,25,18,39,12,10,14,85,78,68,78,85
226,235243,18,82,91,27.0,2,4,2,6.2,196,57,53,81,75,40,65,48,55,72,73,62,72,56,77,59,79,80,74,87,64,79,79,44,63,40,77,84,84,79,12,11,11,12,10
227,231866,22,82,87,29.0,1,3,4,6.3,181,63,64,75,83,59,77,65,54,80,82,70,66,69,79,72,70,69,86,75,76,63,80,75,83,46,78,71,80,74,10,10,7,14,8
228,230658,21,82,90,32.5,1,3,4,5.7,161,70,72,58,85,63,82,68,60,80,83,68,70,79,81,86,76,83,78,62,74,73,75,77,82,69,84,65,76,70,6,13,13,11,12
229,230621,19,82,93,29.0,3,3,1,6.5,198,12,12,12,34,8,28,12,14,24,28,46,54,64,74,38,24,72,34,72,18,30,26,14,50,24,68,20,14,16,88,78,72,78,88
230,230258,30,82,82,16.5,1,4,2,5.9,154,61,53,70,82,57,77,54,57,78,76,80,81,72,80,80,60,43,93,68,59,75,82,58,77,77,81,83,86,80,15,14,14,10,9
231,230225,34,82,82,6.5,1,3,2,5.11,181,40,56,83,67,63,60,72,58,58,64,68,74,61,78,63,74,91,76,79,61,86,82,58,50,62,70,77,85,84,18,12,14,11,18
232,230168,30,82,82,14.0,1,2,1,6.3,187,10,8,11,18,8,9,9,18,16,21,41,42,34,82,41,21,67,29,79,7,34,23,27,71,14,67,20,17,13,79,84,77,83,78
233,227055,23,82,87,29.5,3,3,5,5.8,159,81,66,51,78,74,85,82,60,55,83,95,94,94,83,92,72,65,87,48,69,60,43,82,79,66,85,54,46,36,12,9,7,6,9
234,224411,21,82,86,29.0,1,3,4,5.1,150,76,75,60,77,71,86,76,70,68,81,89,90,85,80,78,81,65,81,62,77,67,50,77,77,69,80,24,34,30,9,12,11,9,9
235,223959,22,82,87,25.0,2,3,3,5.6,141,74,50,55,83,65,78,66,76,77,81,81,74,83,79,93,78,52,85,66,74,85,87,65,74,48,78,84,84,75,5,5,13,7,9
236,222737,21,82,89,31.5,2,4,4,5.8,163,79,75,57,82,71,85,77,81,73,85,87,82,92,80,84,85,58,74,64,85,53,26,79,83,68,78,21,28,17,8,14,15,7,9
237,221087,23,82,87,21.5,1,3,1,6.2,170,24,19,15,38,17,18,23,21,41,16,45,52,40,74,57,21,68,42,52,18,39,16,20,62,25,62,19,20,11,81,82,79,83,81
238,220814,22,82,88,25.5,1,3,3,6.0,168,78,42,83,80,38,65,53,28,63,79,80,84,70,80,67,62,83,82,76,47,86,81,57,61,34,76,76,83,86,10,7,8,14,10
239,220440,23,82,88,26.0,1,4,2,6.1,179,36,23,78,78,24,60,25,27,69,76,72,73,62,79,60,58,79,73,80,35,80,82,47,60,43,74,85,82,81,10,10,9,12,7
240,216354,27,82,83,26.0,2,4,4,5.1,161,75,86,69,79,84,87,79,74,53,86,78,72,82,81,82,82,69,76,68,80,73,21,84,66,88,79,35,20,26,8,14,14,7,15
241,216267,24,82,87,24.5,1,2,3,5.1,141,86,57,63,76,32,76,74,30,68,78,81,86,78,81,74,67,59,89,66,60,78,80,66,74,55,73,80,81,78,11,8,10,7,14
242,216194,28,82,83,20.0,2,3,3,5.11,176,55,51,46,86,52,66,61,57,81,81,53,35,67,72,72,74,65,88,75,58,88,82,60,76,58,71,72,81,77,6,14,14,6,11
243,212404,24,82,87,29.5,2,3,5,6.1,170,82,70,50,82,74,86,82,80,72,87,83,83,85,80,79,82,49,80,63,82,52,66,78,80,72,83,65,46,42,14,15,10,13,12
244,212194,22,82,88,30.5,2,4,4,6.1,185,77,78,42,82,66,87,72,59,69,85,78,84,82,80,78,80,63,73,69,78,42,29,78,83,54,69,38,20,24,11,16,11,8,9
245,211320,23,82,86,24.5,2,3,2,6.3,185,40,33,80,65,35,64,45,25,59,65,56,67,59,78,53,58,81,67,79,39,72,86,28,50,36,70,87,86,82,5,10,5,5,5
246,210617,23,82,86,29.0,2,2,4,6.0,148,81,77,43,80,58,85,78,75,77,83,85,86,83,82,78,78,63,55,50,73,48,50,81,81,59,71,45,43,25,13,16,15,8,14
247,210514,24,82,88,25.5,2,3,4,6.0,163,85,58,64,78,62,84,83,69,75,83,91,91,78,82,74,80,73,89,66,66,73,77,78,74,46,77,79,79,79,6,9,15,14,14
248,210413,23,82,89,26.5,2,3,2,6.2,172,36,30,76,70,28,65,36,24,69,69,63,69,60,78,53,64,78,75,81,46,84,85,31,40,34,76,88,85,81,9,14,12,8,9
249,209989,25,82,88,25.5,1,3,3,6.1,170,58,63,68,85,53,78,62,58,79,81,73,76,72,77,53,79,84,87,81,75,76,79,60,73,46,75,80,83,80,11,13,9,9,7
250,209297,25,82,84,26.5,1,4,4,5.7,141,67,74,55,85,70,79,70,72,80,86,77,79,84,82,87,76,83,87,61,76,73,80,69,76,65,82,76,78,69,7,16,15,11,15
251,208830,31,82,82,20.0,3,3,3,5.1,163,64,85,69,65,82,76,60,57,48,76,89,91,75,88,76,85,76,86,67,67,92,49,85,72,81,82,56,52,51,15,14,7,15,11
252,208596,24,82,87,30.0,3,5,3,5.11,159,42,88,84,68,80,78,64,56,42,75,78,79,79,76,75,81,83,83,84,67,83,31,85,61,77,75,55,23,32,13,7,12,14,7
253,208448,26,82,83,26.0,2,4,4,5.1,163,84,70,45,85,67,82,81,77,69,87,76,70,81,82,82,73,53,74,62,74,62,43,75,83,66,77,35,26,17,13,7,9,15,11
254,207494,25,82,83,26.5,2,3,4,5.9,137,74,78,64,78,70,83,80,63,66,83,84,82,86,83,86,80,63,87,53,80,73,53,86,82,65,84,65,50,44,14,10,8,13,9
255,207471,29,82,82,21.5,2,3,4,6.1,181,73,74,68,84,81,86,79,68,78,87,58,62,69,78,39,76,44,61,79,84,78,54,77,84,67,80,46,40,37,14,15,13,9,7
256,205678,28,82,82,22.5,2,4,4,5.8,139,80,80,45,78,74,82,74,60,69,82,90,89,93,80,88,79,69,84,58,77,47,49,80,73,75,78,55,40,40,8,14,14,12,16
257,205452,25,82,84,22.5,2,3,2,6.3,187,68,27,80,75,34,59,35,56,72,69,67,78,59,82,50,70,73,60,82,41,88,80,33,57,40,72,82,85,82,14,15,10,12,8
258,203551,27,82,83,20.5,3,3,4,5.8,148,77,70,72,77,87,78,73,79,75,79,86,84,87,80,82,82,74,90,67,82,79,78,82,76,76,79,76,79,78,9,8,10,11,10
259,203263,25,82,85,23.5,1,3,2,6.4,220,44,43,87,77,41,70,38,46,72,76,39,53,52,79,58,68,74,68,89,45,84,78,60,60,44,79,81,84,81,14,16,9,14,9
260,202371,26,82,83,21.0,2,4,3,6.3,198,83,76,75,82,79,75,74,56,74,82,74,81,63,80,49,77,72,92,85,78,73,76,80,71,65,78,77,82,80,8,13,15,6,9
261,201956,27,82,82,18.5,2,3,3,6.5,187,57,38,88,73,26,64,33,58,71,70,62,62,60,79,37,77,47,69,88,55,84,83,48,62,43,78,78,90,78,14,7,10,13,16
262,201455,25,82,85,27.5,2,2,4,6.2,176,65,69,75,81,59,78,62,56,79,82,69,76,76,84,67,86,83,85,91,80,86,84,78,78,45,82,79,83,82,15,10,10,8,10
263,201400,25,82,87,29.5,2,4,4,5.9,157,72,73,55,86,76,87,75,61,76,84,71,70,80,79,80,79,73,67,66,82,44,70,77,81,67,80,68,74,66,11,6,15,13,7
264,201305,27,82,83,21.0,2,2,2,6.2,174,67,42,81,74,48,60,57,46,69,69,71,74,69,80,67,61,83,72,82,50,82,82,51,65,51,71,82,83,83,15,6,15,15,7
265,201153,25,82,85,28.5,3,4,3,6.2,187,73,80,86,78,80,83,76,44,51,82,76,86,66,79,60,80,84,68,78,72,56,24,85,76,70,76,37,14,20,4,5,4,4,5
266,199987,29,82,84,18.0,3,3,1,6.1,183,17,10,12,47,19,12,10,10,33,32,54,50,48,78,50,35,71,40,67,15,25,25,11,60,21,61,18,12,11,80,83,75,81,80
267,199451,27,82,82,23.5,2,5,4,5.7,150,74,84,74,78,78,84,80,76,66,83,87,83,91,83,87,79,81,69,60,69,55,44,87,79,76,84,34,33,26,6,13,9,7,7
268,198951,27,82,83,26.0,2,4,3,6.0,161,74,84,71,75,80,80,78,54,66,82,88,88,80,81,72,84,79,79,76,74,72,39,85,73,69,80,32,29,21,6,13,6,14,6
269,198950,26,82,83,26.0,2,4,4,5.9,154,86,78,61,83,64,86,84,74,77,84,75,76,80,77,81,76,40,72,58,77,46,50,79,84,69,74,57,49,46,16,7,15,6,14
270,198717,25,82,85,28.5,2,3,5,5.11,146,81,77,47,75,61,90,57,51,65,87,89,92,88,77,82,78,57,76,75,68,73,23,78,77,66,81,22,29,28,15,10,15,11,10
271,198706,25,82,85,28.5,2,3,4,6.0,163,76,80,49,88,76,86,86,81,87,88,77,72,79,83,74,77,54,73,67,77,29,28,81,87,56,72,44,25,18,6,8,6,12,11
272,198164,28,82,82,22.5,2,4,4,5.7,141,75,78,41,84,65,84,80,76,78,82,86,76,89,81,92,70,88,79,67,79,56,73,72,84,74,80,56,68,55,16,16,9,14,9
273,198141,27,82,83,21.0,3,3,3,6.0,161,55,55,82,79,43,70,66,45,78,80,75,72,72,82,71,66,89,67,71,62,80,86,61,75,52,76,77,83,80,10,15,13,12,8
274,197655,27,82,83,21.0,3,3,2,6.5,203,17,42,80,72,39,64,39,19,70,62,46,64,32,75,30,50,54,81,94,30,83,80,49,50,65,74,84,85,85,16,13,15,16,13
275,195093,26,82,83,26.5,2,4,4,6.2,205,54,84,84,78,80,79,68,71,50,80,62,65,65,81,43,84,72,73,90,77,65,35,87,68,80,75,40,32,30,15,14,16,15,8
276,193525,27,82,82,18.5,2,3,3,6.2,176,76,56,76,78,52,77,66,39,74,79,79,85,79,80,61,71,84,87,75,58,77,78,76,73,53,76,83,82,84,12,13,14,13,12
277,193469,29,82,83,19.5,2,2,2,6.1,172,54,37,77,74,39,53,67,46,70,71,55,59,56,78,58,59,78,72,87,38,82,83,39,56,46,72,81,84,85,12,8,6,6,14
278,193283,26,82,83,21.5,2,4,3,6.0,174,67,72,83,79,66,73,71,68,77,77,76,78,73,81,74,78,91,90,79,74,84,85,75,77,60,81,80,82,81,8,12,11,14,15
279,192984,26,82,85,19.5,2,2,1,6.6,190,15,15,14,35,13,14,20,13,37,23,44,46,50,81,43,21,58,44,72,18,33,16,15,42,20,40,11,19,17,83,77,77,81,83
280,192318,26,82,85,27.0,4,4,4,5.9,165,78,75,51,87,86,84,81,72,82,90,74,64,86,84,85,68,58,73,68,66,58,65,81,86,77,85,63,53,57,14,7,12,6,10
281,192227,26,82,84,22.5,3,3,2,6.0,181,53,58,81,77,51,53,55,47,69,70,58,65,63,82,67,66,83,68,78,52,82,82,50,55,54,73,80,82,82,11,9,15,10,6
282,191180,29,82,82,21.5,3,4,4,6.2,172,77,73,61,86,78,87,83,69,83,86,69,69,79,78,63,78,49,62,64,76,65,69,78,87,75,80,45,59,51,14,9,6,10,12
283,189505,30,82,82,21.0,3,5,4,5.7,143,78,78,55,80,70,84,81,57,71,85,79,74,82,81,80,77,66,70,47,79,56,49,82,77,66,77,49,32,31,5,11,12,15,9
284,189125,28,82,82,22.0,3,3,4,5.11,165,82,70,70,84,78,83,78,78,80,85,75,77,77,82,77,84,69,84,66,86,68,72,78,82,68,82,74,72,68,10,14,7,15,14
285,189117,27,82,85,18.5,3,2,1,6.2,187,15,8,17,37,13,12,13,12,24,23,44,54,49,79,52,22,74,36,74,14,35,18,10,50,20,58,11,13,16,86,78,73,77,86
286,188803,30,82,82,21.0,2,3,4,5.8,141,73,76,56,77,82,87,52,73,75,85,93,91,90,79,83,83,62,79,62,83,56,49,74,79,72,74,38,53,40,7,7,11,15,13
287,187936,29,82,82,17.0,2,3,2,6.5,165,59,64,79,79,55,72,73,42,77,81,44,55,36,81,31,79,75,86,92,66,87,84,70,77,57,85,81,80,76,7,16,16,16,13
288,187754,30,82,82,21.0,2,4,5,5.9,152,76,79,53,81,68,87,82,72,73,88,85,82,92,77,84,77,68,78,62,78,58,51,77,82,80,84,45,49,42,6,13,13,8,9
289,186561,27,82,83,25.0,3,3,3,6.0,168,75,74,58,84,79,81,70,66,80,82,64,69,73,81,74,81,66,89,67,74,73,69,84,79,75,81,66,70,67,6,11,5,10,8
290,186345,27,82,82,18.5,2,4,3,5.1,159,91,48,73,79,54,75,87,83,78,80,76,75,74,81,74,75,73,88,65,70,70,79,75,80,66,73,77,82,79,11,14,8,11,10
291,185103,32,82,82,12.5,2,3,3,6.2,183,91,55,80,77,64,79,85,86,77,76,73,70,63,84,58,91,80,84,77,83,85,81,75,77,74,88,81,82,81,16,15,8,16,6
292,184484,28,82,82,22.5,3,5,3,6.1,181,86,77,60,84,75,80,87,86,80,85,58,55,68,78,63,83,68,86,68,86,57,55,79,86,79,84,57,57,55,13,8,10,15,12
293,184431,31,82,82,20.0,2,4,4,5.4,134,72,80,34,80,75,86,90,93,76,86,88,80,94,80,91,80,34,77,42,81,75,26,82,81,73,82,23,29,28,6,3,6,3,3
294,184200,29,82,82,22.0,3,4,4,6.4,183,80,78,74,78,79,84,79,72,74,85,79,83,70,78,66,84,67,78,84,75,84,44,83,77,77,81,43,48,39,14,15,10,10,15
295,184144,30,82,82,21.0,3,2,4,5.8,146,80,71,54,81,81,84,88,72,75,83,84,79,87,82,81,72,81,69,46,73,57,40,77,82,71,80,35,42,43,8,11,9,7,5
296,183711,28,82,82,18.0,2,3,3,6.0,176,81,67,65,84,72,73,80,74,84,80,67,66,70,80,70,77,79,91,72,71,77,80,75,83,64,78,77,79,76,7,13,7,9,13
297,183574,30,82,82,21.5,2,4,4,5.11,168,81,83,63,84,80,82,80,69,80,85,69,67,74,85,76,81,65,71,72,79,63,41,85,83,90,86,57,38,34,12,7,5,13,9
298,183498,33,82,82,9.0,2,4,3,6.0,165,70,70,75,80,76,75,67,55,83,79,68,69,67,82,71,87,77,88,77,86,80,80,82,78,45,78,78,80,82,13,9,6,7,9
299,183376,29,82,82,17.0,2,3,2,6.0,176,50,49,73,78,53,68,43,57,74,72,52,55,57,78,58,73,73,90,78,62,91,85,50,63,56,75,82,84,77,14,12,13,11,14
300,183280,32,82,82,12.5,3,3,2,6.3,198,36,45,77,66,45,56,43,55,68,68,52,67,54,75,54,77,76,84,91,58,83,83,24,44,48,77,81,83,79,5,3,5,5,3
301,181786,32,82,82,12.5,3,3,3,6.4,185,68,44,83,70,38,65,69,60,72,73,49,65,57,77,46,64,81,80,86,50,81,77,45,60,49,78,79,83,82,15,9,12,14,6
302,181291,27,82,82,23.0,3,3,4,5.9,152,67,70,72,84,73,84,76,70,76,84,77,76,80,82,81,76,80,85,72,71,64,76,79,78,74,82,74,75,65,16,6,14,12,6
303,179847,31,82,82,15.0,3,2,2,6.5,187,44,41,89,64,35,48,46,37,62,72,36,43,29,84,32,63,41,74,91,26,84,85,32,47,26,86,85,85,78,8,9,12,11,14
304,178509,31,82,82,20.0,3,3,3,6.4,203,64,83,90,79,82,70,70,65,58,83,43,50,57,83,54,85,84,62,88,74,76,42,83,76,83,78,37,37,20,12,15,11,6,5
305,173521,31,82,82,15.0,3,3,2,6.2,170,49,43,83,76,34,54,39,37,67,67,67,69,58,78,56,65,91,78,77,42,82,82,30,48,45,72,85,84,80,8,16,7,14,16
306,171897,31,82,82,19.0,3,2,4,5.7,148,73,60,55,85,69,80,78,81,83,84,74,73,81,82,88,74,74,84,57,72,72,73,70,83,70,76,75,75,73,7,10,10,11,10
307,170481,31,82,82,15.0,3,3,2,6.2,198,62,58,80,69,49,60,55,74,72,73,34,36,54,76,34,80,76,62,88,64,77,83,42,63,69,78,82,83,81,14,6,13,13,14
308,168530,32,82,82,12.5,2,2,2,6.4,192,46,38,85,68,27,52,30,35,53,60,50,63,35,77,34,58,77,68,89,37,83,82,30,49,57,71,85,84,78,7,16,11,16,7
309,168435,31,82,82,13.5,3,2,1,6.4,176,13,10,11,23,12,15,11,11,28,18,50,51,52,75,55,20,68,34,66,14,34,20,10,55,19,62,14,11,13,84,76,76,83,81
310,168354,32,82,82,12.5,2,2,1,6.5,198,12,17,13,36,13,18,14,16,37,22,30,33,35,74,32,21,66,29,58,18,18,10,10,60,21,64,27,10,12,83,84,76,81,83
311,165229,32,82,82,12.5,3,3,2,6.1,165,52,32,80,76,35,62,22,49,69,66,64,66,65,76,61,54,78,62,75,47,86,84,41,56,51,75,80,84,83,13,11,9,11,7
312,163489,31,82,82,13.5,2,3,1,6.2,181,10,10,10,31,19,10,15,15,27,23,48,34,57,75,40,24,80,31,51,19,11,15,10,46,21,63,10,17,19,82,83,72,82,83
313,158963,32,82,82,12.5,3,4,3,5.1,139,74,50,54,86,78,80,71,76,82,84,65,65,76,80,78,77,62,75,65,75,83,82,50,80,72,80,80,78,74,14,12,7,12,7
314,146530,35,82,82,4.8,4,3,4,5.8,150,85,61,72,81,68,84,80,74,79,86,77,79,84,77,87,86,80,74,55,78,78,79,74,78,70,80,72,79,82,5,11,9,6,7
315,113422,36,82,82,8.0,3,5,4,5.9,152,71,86,67,76,79,83,83,80,67,85,72,67,71,83,73,81,67,70,66,79,67,29,86,75,88,83,30,28,38,8,9,9,11,9
316,106231,37,82,82,8.0,3,3,3,6.0,172,54,83,92,72,80,76,61,54,52,82,64,66,50,85,55,82,90,60,82,78,82,23,87,73,82,87,58,44,49,14,10,9,15,9
317,48940,36,82,82,3.0,4,3,1,6.5,198,19,12,19,35,17,12,13,19,33,22,35,38,46,77,34,21,50,32,63,11,17,23,13,53,23,63,12,13,12,78,82,70,83,79
318,5479,37,82,82,1.5,4,2,1,6.1,185,13,12,25,21,14,25,25,13,22,23,59,57,62,77,46,28,77,43,70,13,23,22,16,65,24,70,24,11,13,87,74,58,82,84
319,231677,20,81,89,27.0,2,4,4,6.1,154,75,78,71,75,72,83,77,78,65,80,90,93,88,79,77,87,68,79,71,77,70,42,81,74,74,73,32,40,33,11,6,15,7,14
320,230271,30,81,81,17.0,1,5,4,5.7,139,73,72,44,79,67,82,56,75,80,82,86,78,89,80,88,67,44,67,48,75,41,31,82,80,74,77,29,13,23,9,7,8,14,10
321,229906,20,81,89,26.5,1,4,4,5.1,174,77,75,57,75,75,86,77,73,66,82,94,90,86,80,84,79,86,76,59,77,58,21,80,77,71,75,45,27,18,12,13,6,15,14
322,229237,22,81,87,21.0,2,3,2,6.2,187,51,36,75,78,40,67,42,27,76,75,72,86,69,81,66,58,78,76,84,45,75,79,33,66,40,76,82,84,80,10,9,13,6,9
323,228702,21,81,89,26.0,1,3,4,5.11,154,75,52,64,87,64,86,74,61,82,88,74,76,84,83,78,68,76,74,69,55,62,78,63,85,45,86,69,73,70,7,13,10,10,9
324,227928,24,81,86,20.0,2,3,4,5.1,148,74,50,58,73,42,80,61,30,65,78,91,92,88,82,83,74,80,91,62,60,77,80,72,62,38,75,75,78,79,16,12,10,14,12
325,226456,22,81,86,24.0,1,3,4,5.1,148,74,77,50,84,70,81,63,60,80,81,71,66,79,76,76,75,59,77,67,80,69,74,77,86,46,71,72,74,73,9,11,12,7,15
326,226271,22,81,89,26.0,1,4,4,6.2,154,72,79,67,80,65,81,74,59,80,83,69,67,73,79,66,75,46,73,69,82,66,77,80,82,67,77,70,78,75,16,11,7,13,13
327,225508,24,81,87,21.0,2,3,2,6.1,170,51,33,79,70,42,60,46,43,56,65,68,79,65,74,62,55,85,72,85,48,87,81,47,54,46,70,80,82,83,14,14,10,9,8
328,222509,21,81,88,25.0,1,3,4,5.1,154,74,68,41,83,62,85,73,63,80,85,73,67,82,80,79,64,52,75,62,71,76,76,76,83,55,80,62,75,74,12,15,16,7,13
329,221992,22,81,86,24.0,3,4,4,5.9,154,75,77,60,74,75,84,72,65,67,80,94,93,91,77,76,76,75,80,59,76,64,45,77,75,64,77,45,35,29,11,10,14,14,10
330,216475,30,81,81,17.0,1,4,4,5.11,154,79,80,54,75,64,87,82,72,68,83,88,88,78,75,80,76,62,82,60,80,58,59,77,75,76,83,63,54,45,14,13,13,16,8
331,216451,26,81,82,20.5,2,4,3,5.7,161,72,69,60,86,47,78,81,81,84,84,75,70,82,75,88,78,69,75,63,76,73,74,73,83,67,83,69,73,65,14,13,9,10,12
332,216409,24,81,84,22.5,2,4,4,5.7,148,79,74,40,78,73,84,77,75,74,83,85,84,90,79,82,78,50,79,45,82,63,38,77,75,70,79,63,29,29,11,12,6,8,11
333,216352,25,81,84,18.5,2,4,3,5.11,150,72,69,62,83,65,81,79,74,83,83,69,70,74,77,74,80,68,84,66,81,79,81,69,80,69,78,75,77,75,8,8,15,11,8
334,216201,24,81,87,24.5,2,3,4,6.1,174,78,77,70,79,68,82,49,53,66,81,92,94,80,78,55,85,86,75,85,78,66,21,76,75,64,71,52,38,31,14,15,14,10,13
335,214997,23,81,87,24.5,1,4,4,5.7,150,74,82,67,73,79,87,82,65,65,87,87,82,87,82,83,80,50,74,63,83,41,48,82,78,55,74,58,53,44,13,10,9,8,16
336,213661,22,81,88,21.5,2,3,2,6.2,179,49,36,80,77,25,68,32,22,72,74,66,70,61,80,61,31,72,69,73,20,73,82,32,62,36,77,80,86,84,10,12,8,6,8
337,212814,25,81,84,22.5,3,4,4,5.1,161,77,64,55,83,69,83,74,67,78,83,73,69,81,73,77,76,64,79,68,72,60,72,77,81,66,82,57,70,62,6,15,8,8,8
338,212151,23,81,86,17.0,1,2,1,6.4,172,18,18,11,26,11,14,14,12,22,15,41,46,31,74,47,18,49,23,56,14,20,24,18,49,21,61,20,18,12,81,77,75,78,86
339,210864,24,81,86,20.0,2,3,3,6.0,154,78,47,66,77,40,75,40,30,70,77,79,82,76,79,69,68,69,87,69,43,79,80,63,59,40,76,80,81,80,12,6,14,9,11
340,210406,24,81,88,24.5,3,5,4,5.11,165,77,65,52,82,70,84,80,65,79,85,82,84,79,76,76,76,54,72,54,80,56,75,77,82,51,75,69,72,71,12,9,12,11,6
341,210243,24,81,85,19.0,3,4,3,5.9,154,81,61,64,80,56,83,78,45,78,79,88,87,82,81,77,67,74,84,60,62,75,79,75,75,60,81,76,80,75,16,12,15,11,11
342,210035,22,81,87,20.5,3,2,3,5.7,152,83,50,65,79,58,83,85,82,78,82,85,83,85,79,86,78,64,83,63,72,68,80,75,60,51,77,73,78,79,7,13,10,7,13
343,209889,24,81,86,24.0,3,3,4,5.7,157,85,75,52,84,78,83,84,82,75,84,82,68,88,83,86,79,63,72,49,82,69,84,77,79,44,75,67,70,77,12,6,8,11,8
344,208135,25,81,85,19.5,2,3,3,6.0,168,68,73,66,82,68,78,41,42,74,80,63,70,60,74,69,84,72,93,81,75,78,82,73,76,54,74,79,83,75,15,12,12,15,14
345,207877,25,81,84,22.5,1,4,3,5.7,152,53,84,77,68,73,75,68,57,55,78,89,92,91,79,90,79,86,72,73,65,66,20,84,58,70,75,20,20,15,12,14,14,12,8
346,207664,31,81,81,16.0,3,2,3,5.11,170,60,84,75,68,78,80,69,58,55,80,73,75,73,80,77,80,74,66,74,60,58,34,90,68,80,78,40,16,14,12,12,8,5,8
347,206467,25,81,83,22.0,2,3,4,5.11,174,78,82,73,76,81,78,78,74,68,79,78,77,79,81,78,83,75,82,77,81,63,39,83,78,65,76,29,40,30,11,15,16,12,15
348,205923,25,81,84,18.5,2,3,3,6.0,168,83,58,69,79,48,76,72,48,70,79,76,74,70,78,68,65,73,85,69,52,76,79,71,75,54,74,78,83,82,11,7,6,7,14
349,205362,25,81,84,18.5,2,2,2,6.2,183,46,30,78,73,32,43,72,68,69,65,65,77,65,80,59,44,81,62,78,22,78,78,30,55,52,80,83,83,87,11,16,11,15,13
350,205175,24,81,88,25.5,3,3,4,6.1,172,58,88,78,63,76,74,71,74,62,78,69,74,68,75,63,85,62,73,78,82,67,36,81,60,79,72,35,34,32,9,16,16,15,6
351,204923,24,81,84,22.5,2,4,3,5.1,170,70,79,56,79,78,79,74,63,67,81,83,77,75,85,79,86,75,84,76,81,70,55,81,79,65,75,58,55,51,11,13,14,15,13
352,204884,23,81,86,20.0,2,3,3,6.1,187,87,33,65,80,31,80,80,34,69,79,77,86,68,80,70,79,71,81,81,65,75,79,77,76,50,79,78,79,81,7,7,9,15,9
353,204024,27,81,82,17.0,2,3,3,6.3,168,61,45,58,80,49,71,54,51,72,81,52,52,66,85,54,53,51,93,69,40,78,81,70,73,47,78,80,80,76,8,13,9,6,8
354,203890,26,81,84,18.0,2,3,3,5.11,168,82,44,73,77,53,74,70,57,70,79,82,79,67,77,72,75,85,90,73,58,75,79,65,68,52,67,77,81,77,15,11,10,10,12
355,203486,25,81,83,21.5,2,3,4,5.9,152,77,69,38,81,80,85,83,79,72,83,86,77,91,81,83,78,63,77,62,77,57,41,81,80,83,76,30,47,35,6,9,7,7,8
356,202857,28,81,81,18.0,3,3,4,6.0,179,76,72,48,78,72,87,70,58,58,83,90,91,86,81,78,85,75,73,68,77,59,38,76,76,57,77,31,30,33,10,12,7,11,10
357,202685,27,81,82,21.0,2,3,4,6.1,185,52,80,79,71,81,77,71,56,45,79,79,79,76,78,69,85,89,76,88,72,87,40,83,66,79,72,54,42,50,7,13,9,7,9
358,201454,27,81,82,16.5,2,4,3,6.0,176,85,54,70,79,52,79,77,68,74,80,71,82,72,79,62,80,73,88,68,69,74,76,69,69,76,75,79,81,80,12,7,8,8,13
359,200726,27,81,84,15.0,2,3,1,6.1,172,13,11,10,17,10,11,20,19,21,23,44,40,36,78,25,18,62,34,55,10,23,24,10,41,20,63,17,11,12,81,76,79,81,82
360,200647,30,81,81,17.0,3,3,4,6.3,174,78,78,58,82,80,83,77,84,74,87,67,70,70,80,56,87,33,64,74,87,58,46,80,82,78,80,53,32,26,13,13,8,12,6
361,200610,25,81,83,22.0,2,3,3,5.1,187,78,81,67,81,77,79,79,76,67,81,78,77,73,82,84,85,78,88,82,81,78,45,81,81,72,80,22,50,33,8,7,9,7,12
362,200454,24,81,85,23.5,2,4,3,5.9,159,53,85,77,76,84,78,78,63,51,81,82,80,83,84,84,80,75,65,64,68,59,26,86,65,71,82,50,21,26,12,14,14,8,5
363,199715,28,81,81,18.0,2,4,3,6.1,174,78,77,65,79,75,84,76,62,80,83,78,77,74,80,63,77,70,80,81,73,61,25,80,78,74,70,68,21,23,11,16,8,14,16
364,199503,25,81,84,22.0,3,2,3,6.1,181,71,49,62,85,50,70,73,77,85,80,47,49,49,77,61,88,32,80,75,80,92,71,77,81,63,74,68,72,68,7,8,11,7,13
365,199434,29,81,81,17.5,3,2,4,5.11,168,83,74,63,81,73,85,83,76,77,86,69,68,82,78,80,69,64,69,62,65,56,31,75,85,71,82,46,34,26,11,11,14,9,16
366,199042,29,81,81,17.0,2,4,3,5.7,154,78,64,53,84,68,75,75,76,83,82,76,65,80,76,85,80,61,87,63,75,80,74,75,81,76,76,74,71,72,15,7,12,8,13
367,196889,25,81,81,19.5,2,5,4,5.7,134,82,67,42,82,74,84,84,84,76,86,88,86,92,78,90,81,51,75,48,77,48,36,76,82,68,78,55,48,60,12,10,7,15,9
368,195086,28,81,82,16.0,2,4,2,6.2,185,59,33,80,69,42,63,26,18,66,67,54,55,50,75,41,63,81,68,82,34,87,81,21,56,52,70,77,83,85,14,14,13,10,7
369,193532,30,81,81,13.0,3,4,3,5.7,143,50,31,68,79,58,63,35,45,78,71,72,70,78,80,92,65,89,84,83,59,89,84,58,72,58,78,80,84,79,14,7,9,6,6
370,193348,26,81,81,19.0,3,4,5,5.7,159,78,71,45,81,76,86,88,84,80,84,84,77,84,80,91,87,52,75,73,84,61,55,74,81,65,82,35,49,48,13,12,12,11,11
371,193165,25,81,83,21.5,3,5,5,5.8,137,73,76,67,76,75,91,85,67,68,84,87,79,90,82,87,66,72,74,39,67,45,45,80,77,68,85,52,40,31,11,6,10,14,9
372,193105,25,81,85,16.5,2,3,1,6.5,207,20,19,14,41,16,12,16,16,32,22,54,52,53,77,58,25,59,28,80,14,26,23,17,34,25,64,11,18,12,83,78,70,77,84
373,192641,26,81,82,17.5,2,3,2,6.4,187,60,50,79,79,51,67,50,62,83,71,66,82,59,78,47,78,54,74,85,57,81,82,55,67,53,78,82,80,78,6,13,8,7,14
374,191740,28,81,81,17.5,3,4,3,6.0,154,74,71,58,83,65,77,80,65,79,82,75,68,79,82,78,75,61,87,67,69,86,86,78,78,79,84,78,80,77,9,12,15,9,8
375,190972,27,81,81,18.5,2,4,4,5.8,170,78,77,73,75,72,85,79,64,72,84,89,87,83,80,76,80,87,85,63,76,69,60,83,76,75,81,49,60,56,9,11,9,5,14
376,190813,25,81,82,21.0,3,3,5,5.1,159,74,78,51,74,79,84,83,63,57,86,86,87,85,72,81,74,60,68,54,74,54,36,78,73,67,72,59,30,25,5,3,5,5,3
377,189881,28,81,82,16.0,3,3,2,6.4,179,52,54,82,63,49,59,49,22,63,58,61,74,55,75,45,42,76,71,87,35,83,81,48,49,52,67,81,82,80,10,15,16,15,15
378,189362,31,81,81,15.5,4,3,4,5.11,187,76,81,69,78,73,82,78,81,72,79,81,80,69,82,59,94,69,86,92,90,83,48,82,75,78,75,50,41,28,6,10,7,11,12
379,189358,29,81,81,17.5,3,4,4,5.9,150,65,76,48,83,76,86,74,63,72,83,74,60,87,81,88,54,65,82,39,55,30,59,80,80,80,83,56,53,49,11,9,8,9,13
380,188988,25,81,85,23.0,2,3,4,5.6,130,74,70,56,80,61,87,76,76,78,86,84,78,86,73,89,75,75,73,39,76,48,27,73,79,73,77,27,36,25,14,9,6,7,15
381,187491,28,81,81,18.5,1,4,4,6.2,176,56,84,70,77,79,77,78,69,62,78,88,85,75,74,66,80,67,74,75,81,67,32,84,75,74,73,26,28,24,16,9,16,15,10
382,187072,29,81,81,18.0,2,4,4,5.11,176,76,79,64,85,86,78,79,69,69,83,74,67,70,84,78,81,73,78,69,83,74,60,84,83,80,83,59,61,50,7,10,13,11,12
383,185239,28,81,82,16.0,3,4,2,6.1,183,49,28,80,75,47,63,44,33,70,71,71,83,64,81,61,62,80,67,78,29,70,78,35,59,43,78,82,83,83,11,8,11,12,15
384,183900,29,81,81,17.5,3,4,4,5.1,154,79,66,57,81,60,88,72,64,69,88,86,76,83,80,78,73,64,73,60,71,51,36,78,84,90,81,58,31,22,5,8,14,6,8
385,182494,32,81,81,10.0,3,2,1,6.3,163,15,10,12,44,10,25,14,10,47,23,60,62,68,76,62,25,84,45,68,10,32,23,13,58,24,53,12,16,16,81,75,75,81,83
386,179784,30,81,81,13.0,3,3,2,6.2,170,58,51,83,72,45,59,38,52,64,65,52,52,60,81,61,57,78,61,78,31,78,81,51,57,56,84,82,83,81,14,6,9,10,7
387,179645,29,81,81,14.0,3,3,2,6.2,185,54,55,82,73,37,46,52,69,69,71,56,65,40,73,58,78,70,76,80,41,75,79,31,49,61,69,83,82,78,6,10,13,10,15
388,177458,29,81,81,14.0,2,4,2,6.1,176,43,39,75,74,54,58,33,30,69,60,65,72,63,78,61,73,73,83,77,62,82,82,49,65,34,81,83,86,88,13,7,8,14,15
389,177326,33,81,81,11.0,3,3,3,5.6,139,82,74,48,82,76,83,82,77,77,82,81,79,86,77,92,75,60,73,37,79,52,34,76,77,68,64,38,26,34,14,12,8,6,8
390,175379,31,81,81,15.5,2,3,4,6.0,161,91,76,36,83,68,84,87,85,85,85,63,63,68,76,73,84,39,65,63,80,55,43,79,82,71,71,50,46,36,11,12,10,15,16
391,173909,31,81,81,15.0,3,4,4,6.1,190,75,78,74,82,83,79,81,71,78,84,67,65,77,79,68,84,76,68,78,78,83,71,79,78,67,82,59,78,74,6,11,15,16,6
392,173771,33,81,81,7.0,3,4,2,6.0,174,82,65,74,76,64,72,80,47,69,76,74,83,66,81,66,78,77,77,78,69,83,83,73,71,65,82,81,82,79,14,11,14,6,12
393,173221,31,81,81,15.5,3,4,4,5.11,154,83,73,55,78,75,82,74,71,73,83,77,78,74,78,76,87,35,86,69,82,66,67,79,77,83,73,61,63,53,10,4,14,4,14
394,172522,29,81,81,17.0,2,3,4,5.11,163,78,74,67,82,71,80,83,85,79,81,74,76,79,80,63,86,59,90,70,77,62,75,73,81,64,73,70,74,69,11,9,10,13,13
395,170368,26,81,82,21.0,2,2,4,6.0,176,78,74,69,83,77,86,83,80,73,84,76,74,75,78,74,81,63,78,68,82,84,45,79,83,75,78,48,51,42,10,15,11,8,13
396,169595,27,81,81,14.5,3,3,3,5.9,168,82,57,62,76,64,80,64,57,66,77,79,78,69,82,76,68,75,78,72,67,87,81,68,73,57,75,77,83,84,10,11,8,13,13
397,169416,29,81,81,17.5,3,2,4,5.1,170,79,81,70,81,82,83,81,71,66,83,78,80,81,78,81,74,68,74,67,80,57,37,81,81,72,80,31,22,14,8,14,8,13,10
398,169195,30,81,81,16.5,2,4,3,6.1,190,75,65,57,81,77,82,80,75,81,81,66,67,66,81,66,81,49,81,76,81,58,72,75,81,68,68,75,73,64,6,11,16,15,8
399,167905,32,81,81,10.0,2,2,3,5.11,183,79,60,62,81,64,80,70,66,72,81,82,85,72,82,78,85,69,79,79,66,80,82,73,71,55,82,77,82,79,16,11,10,7,7
400,164835,33,81,81,9.0,2,2,1,6.3,183,14,13,11,20,17,14,18,12,32,22,50,47,52,71,44,14,68,25,65,20,43,16,15,52,22,63,14,12,13,79,83,70,80,84
401,162347,31,81,81,15.0,3,4,3,5.7,134,77,74,70,83,76,79,82,79,81,82,66,59,76,75,84,76,77,78,63,80,74,72,74,80,70,86,68,72,68,13,15,15,13,13
402,161956,33,81,81,11.0,3,4,4,5.9,161,78,67,60,89,70,85,78,76,85,88,55,52,74,81,80,72,67,69,66,70,52,70,70,86,72,83,65,66,62,5,4,10,8,7
403,159261,35,81,81,8.0,2,4,4,5.11,174,66,84,68,76,87,76,78,78,73,81,73,67,71,81,75,87,69,66,76,89,44,26,84,77,84,81,35,21,15,6,7,5,4,4
404,159145,32,81,81,14.0,3,3,4,6.0,170,61,84,82,75,79,78,61,62,46,79,69,70,59,78,58,84,74,68,83,75,52,38,79,69,83,82,22,32,35,14,11,9,9,13
405,157960,32,81,81,14.0,2,4,4,5.9,165,79,70,59,80,69,86,79,70,80,83,83,76,82,76,76,81,74,76,71,82,68,68,75,81,73,77,62,69,68,14,14,9,16,8
406,156519,28,81,81,17.5,3,4,3,6.0,159,63,68,59,78,59,76,67,63,75,78,71,73,66,78,70,81,66,94,73,78,83,81,81,77,64,75,83,80,67,6,10,15,7,16
407,144622,33,81,81,11.0,2,4,4,5.9,152,78,78,63,83,83,87,79,77,76,85,74,66,83,82,83,77,70,62,62,74,66,45,82,81,72,79,43,42,31,12,10,5,13,14
408,139068,31,81,81,15.5,3,5,5,5.1,150,80,70,61,79,75,87,86,79,77,86,77,74,92,77,77,85,37,74,62,83,61,31,74,79,72,82,53,22,20,5,10,13,6,6
409,138412,32,81,81,13.5,2,4,3,5.9,154,86,62,66,84,76,76,81,75,81,79,63,62,69,84,73,82,62,91,71,70,82,79,72,79,83,86,74,80,79,1,1,1,1,1
410,112316,34,81,81,5.5,3,2,2,6.2,185,79,52,80,73,61,65,82,75,77,62,68,74,52,74,43,80,65,78,89,74,72,82,58,58,72,76,86,84,82,13,14,10,9,5
411,45186,36,81,81,6.0,2,3,4,5.1,165,86,80,59,82,68,85,86,77,83,83,69,65,72,80,72,74,33,54,64,76,53,35,81,84,75,80,41,41,39,9,14,6,10,11
412,239207,21,80,85,20.5,1,3,3,6.1,185,56,85,81,76,76,76,68,53,58,77,61,65,45,77,53,79,73,71,80,76,65,21,83,60,67,65,35,20,23,7,8,13,12,6
413,235790,19,80,89,22.0,1,5,4,6.2,183,69,72,65,82,71,81,65,53,73,83,77,86,78,78,71,66,69,73,61,66,40,32,78,83,49,80,28,42,38,6,8,11,10,12
414,235569,21,80,89,22.5,1,3,4,5.11,168,67,59,56,82,59,86,67,63,79,84,84,76,83,79,83,80,63,78,78,70,81,73,70,79,60,84,69,73,69,8,10,13,8,7
415,234906,20,80,90,23.5,1,4,4,5.9,154,68,72,54,84,68,84,78,59,78,82,79,79,81,78,81,61,61,79,61,67,69,66,73,84,63,82,64,64,63,14,6,11,7,10
416,234153,21,80,87,21.0,1,4,4,5.11,168,80,74,56,84,66,79,69,82,79,82,75,77,75,80,70,77,59,78,65,73,49,68,77,83,73,76,60,65,56,6,14,7,13,11
417,234035,22,80,88,18.5,1,3,3,5.9,146,81,45,73,77,48,69,69,30,70,77,80,82,78,77,79,58,71,80,63,59,63,75,68,63,62,69,83,79,80,11,12,10,5,14
418,230977,24,80,84,19.5,1,2,4,5.9,139,71,74,43,79,75,81,74,70,70,79,90,89,86,79,64,78,46,85,52,73,65,50,74,79,64,76,43,53,49,6,9,13,13,12
419,230347,30,80,80,10.5,1,4,4,5.1,152,82,51,69,78,47,77,83,52,71,78,78,80,83,80,81,55,71,89,68,53,69,77,72,75,61,82,70,77,81,16,15,15,7,7
420,230234,34,80,80,4.5,1,4,2,5.1,165,75,58,59,78,58,75,48,73,75,77,69,68,78,78,77,72,67,89,71,64,81,79,54,73,61,68,80,81,77,9,9,14,15,8
421,230142,21,80,87,21.0,1,3,3,5.11,172,81,78,44,80,64,84,69,71,73,85,72,75,70,81,70,73,58,71,59,79,40,29,80,79,52,69,50,32,30,10,6,10,13,11
422,228229,26,80,83,15.5,1,3,2,6.2,187,33,31,82,71,24,47,30,34,56,56,56,65,42,77,42,71,73,76,84,34,82,80,27,45,48,74,82,82,76,9,13,15,9,15
423,227536,27,80,80,16.0,2,3,2,6.1,183,59,80,81,68,75,62,58,37,52,65,87,88,67,76,50,86,74,91,90,74,88,26,84,65,71,71,51,34,28,14,7,13,11,11
424,226851,22,80,86,17.5,1,3,3,6.1,168,66,37,73,78,57,66,58,51,80,77,69,73,68,77,66,60,86,77,74,48,72,84,54,66,51,79,83,80,81,9,7,15,7,15
425,226790,21,80,85,17.0,1,4,3,6.0,163,50,50,76,74,66,74,58,58,70,75,73,73,67,79,67,82,90,92,75,74,85,84,67,67,55,74,84,84,83,13,14,7,7,13
426,226753,22,80,85,14.5,2,3,1,6.2,205,15,12,20,33,13,26,30,17,26,38,64,62,68,78,53,21,80,39,67,17,29,15,11,62,27,57,12,18,14,83,79,85,75,80
427,226226,22,80,86,20.0,1,3,3,5.9,154,75,73,59,81,69,81,82,72,80,82,72,75,81,77,81,79,64,80,67,75,65,65,78,81,60,79,61,67,67,10,7,10,15,14
428,224334,26,80,80,12.5,2,3,4,5.8,152,87,65,63,78,68,85,87,78,76,82,79,75,84,76,86,83,69,90,84,84,88,76,75,78,74,86,78,80,75,8,14,13,13,14
429,224293,21,80,87,20.5,2,3,3,5.11,176,75,61,51,84,74,73,79,83,85,80,64,64,65,77,70,83,68,78,70,83,82,75,61,83,62,83,69,74,69,16,12,10,8,10
430,221639,24,80,85,20.0,1,4,3,5.11,168,50,81,82,69,70,75,76,76,51,72,84,85,79,82,72,85,92,81,79,82,86,45,79,63,75,68,41,40,34,12,14,6,8,15
431,221540,28,80,80,12.0,1,3,2,6.2,179,56,50,86,68,49,56,37,43,62,60,52,51,59,77,52,67,85,75,85,54,88,81,46,53,51,75,78,82,76,10,9,7,13,12
432,220477,24,80,86,17.5,2,3,2,6.2,176,34,36,82,63,51,62,20,24,58,63,65,69,58,77,59,38,76,67,79,20,76,82,34,32,30,74,85,84,80,14,9,6,9,5
433,219985,26,80,81,14.5,2,3,4,6.2,179,71,61,75,83,62,84,64,58,79,84,74,69,66,83,56,78,67,81,75,77,72,76,74,81,56,81,76,77,73,4,4,4,4,4
434,219809,23,80,85,17.0,2,3,3,6.2,187,55,37,71,78,36,76,51,37,75,77,67,69,64,74,57,72,76,83,80,50,87,80,60,73,45,68,71,84,82,11,15,11,14,10
435,218339,22,80,86,20.0,2,4,4,5.1,150,67,60,43,83,59,85,68,53,78,83,78,67,87,79,84,83,76,89,58,78,68,76,66,81,55,60,72,64,59,14,7,9,12,11
436,216547,25,80,83,18.5,2,4,4,5.8,146,77,66,46,75,64,86,76,56,64,84,91,93,88,80,89,75,58,78,40,61,41,43,78,75,59,77,23,38,31,9,11,11,12,8
437,215785,23,80,85,20.0,2,4,4,5.11,176,75,78,58,76,68,83,70,52,64,85,92,92,82,76,78,78,67,73,76,74,54,31,77,72,60,79,17,29,28,12,8,13,8,15
438,215316,26,80,85,14.0,3,3,1,6.2,185,12,15,12,32,16,14,19,20,23,15,54,48,58,76,50,24,65,42,73,17,26,21,12,58,24,61,15,13,17,83,76,74,77,83
439,214584,31,80,80,9.0,1,2,1,6.2,194,18,11,19,34,18,19,14,16,21,29,40,40,40,79,34,25,65,28,82,17,35,21,18,55,20,48,10,13,18,79,74,69,79,84
440,212692,22,80,85,20.0,2,3,4,5.9,150,78,79,38,79,56,82,76,74,72,81,83,76,84,78,86,76,51,70,56,74,39,29,78,77,65,74,30,28,27,11,10,12,12,11
441,212623,22,80,85,20.0,1,4,3,5.11,170,73,82,76,69,70,81,69,55,65,80,77,81,78,80,75,78,74,75,73,74,69,52,82,65,67,69,48,46,49,9,8,14,8,15
442,211748,24,80,84,19.5,2,4,4,6.0,159,72,72,46,82,59,82,85,80,80,84,67,67,77,81,77,75,72,74,67,75,69,57,78,81,70,77,65,59,53,14,15,11,14,14
443,211688,23,80,85,16.5,2,3,3,5.8,146,82,61,52,81,58,77,80,49,75,81,86,87,79,82,83,62,54,83,61,59,73,74,74,72,52,67,72,78,80,13,10,9,12,9
444,211575,24,80,85,19.5,3,4,4,6.2,185,61,65,69,82,63,80,82,67,81,78,68,62,67,77,64,80,58,76,86,71,81,74,74,81,55,78,75,75,64,12,9,6,14,8
445,211256,25,80,82,15.0,2,2,3,5.7,143,75,57,73,75,38,74,61,40,67,74,85,86,79,75,79,66,90,91,63,44,78,77,67,68,46,73,78,78,78,13,9,10,15,16
446,210896,23,80,85,19.5,2,4,4,5.11,161,78,74,69,80,70,77,75,70,84,79,77,74,79,80,69,79,75,79,76,73,72,77,77,82,68,75,71,73,76,6,16,16,9,9
447,209960,26,80,83,13.0,1,2,1,6.1,179,12,16,10,24,13,13,20,20,27,14,48,42,62,77,51,21,72,43,72,15,27,26,14,45,23,59,17,16,13,79,77,68,81,81
448,208333,24,80,85,19.5,2,4,3,6.0,181,70,60,72,81,61,76,68,65,80,81,69,73,73,78,71,81,76,85,83,75,85,81,73,79,60,74,82,81,80,14,8,8,13,11
449,208128,24,80,84,19.5,3,4,4,5.1,168,81,65,53,83,77,85,92,90,80,86,73,69,78,78,77,86,46,76,54,88,57,61,75,80,71,78,62,56,56,9,14,11,6,10
450,207862,24,80,82,15.5,2,3,2,6.2,183,68,55,85,75,53,62,44,42,70,72,55,69,55,79,49,74,65,74,81,46,69,80,55,68,67,71,82,84,77,12,10,6,8,10
451,207599,25,80,83,15.5,2,3,2,6.3,181,60,50,81,71,40,66,53,33,69,69,58,65,59,75,62,58,82,68,85,46,68,80,29,56,48,73,79,82,80,16,7,8,14,11
452,207439,24,80,85,0.0,2,4,4,5.11,165,76,55,60,84,73,78,79,78,82,82,75,69,77,74,77,82,61,79,69,80,79,72,74,82,57,74,73,75,72,9,14,6,9,10
453,206413,28,80,80,12.0,1,3,3,5.11,168,63,53,69,81,56,64,60,45,77,78,71,64,60,78,73,75,71,82,76,70,88,82,54,69,52,81,79,79,77,15,13,9,14,9
454,205988,22,80,85,16.5,2,2,3,5.11,165,82,47,70,78,54,82,63,58,68,80,83,85,74,77,74,65,73,77,75,50,76,77,73,69,53,73,77,80,78,10,12,13,7,7
455,205705,28,80,80,12.0,1,2,2,6.3,183,57,40,79,76,39,56,36,38,68,67,51,62,50,68,33,67,73,64,81,56,82,81,48,47,48,69,80,83,78,13,14,12,10,8
456,205693,24,80,83,19.0,1,2,3,6.3,201,40,84,80,70,79,72,52,46,35,79,68,76,68,82,53,77,80,72,91,64,74,30,84,72,88,74,36,51,46,6,7,14,7,6
457,205525,25,80,81,17.5,2,4,4,5.5,132,77,71,59,76,68,82,73,69,68,84,94,86,94,80,96,76,61,68,34,65,41,42,72,77,57,71,31,39,25,6,11,13,10,12
458,205114,30,80,80,14.0,1,4,4,5.7,139,77,70,41,76,68,88,85,65,70,82,88,77,94,76,93,72,63,76,51,77,49,44,75,74,51,76,65,39,31,11,12,11,15,8
459,205070,26,80,81,17.5,1,4,3,5.1,154,63,81,72,83,72,82,67,64,78,83,85,80,79,67,72,77,71,83,71,75,76,68,80,77,53,69,50,61,59,14,10,15,15,13
460,204529,24,80,84,19.5,2,5,4,6.1,172,65,82,75,64,85,78,66,46,36,80,77,76,75,79,76,81,80,66,78,75,63,23,84,62,67,81,37,26,22,9,10,16,7,15
461,204399,30,80,80,14.5,1,4,4,6.0,157,60,83,68,78,77,81,74,78,69,83,73,72,88,78,72,79,74,74,68,76,68,38,82,81,65,74,30,41,34,13,12,13,8,16
462,204120,29,80,81,11.5,1,3,1,6.2,187,15,14,19,17,13,14,17,16,38,20,34,35,32,76,53,20,70,35,73,16,29,22,15,68,13,60,19,18,18,82,72,74,81,85
463,203841,26,80,83,13.0,1,3,1,6.7,168,11,14,11,32,14,15,13,12,35,24,50,47,36,71,45,17,72,37,73,15,36,21,13,43,22,62,14,15,14,79,80,74,80,80
464,203747,23,80,85,16.5,3,3,3,5.1,163,76,52,60,76,41,75,63,50,59,78,94,91,82,78,77,52,63,84,58,43,72,77,67,66,62,70,75,78,80,8,14,14,13,12
465,203605,26,80,81,14.0,2,2,3,6.0,179,86,28,71,77,57,76,57,52,69,77,78,78,66,82,66,66,69,86,79,41,78,72,72,68,54,78,72,79,76,10,11,14,13,7
466,203042,25,80,85,14.0,2,3,1,6.5,209,11,16,12,40,12,21,12,14,30,36,58,55,55,73,50,29,76,40,79,13,40,27,16,40,42,62,23,13,11,82,77,71,80,84
467,202849,25,80,81,14.5,2,4,2,6.6,216,46,34,87,67,28,44,41,52,80,54,35,38,29,78,28,83,33,54,94,47,84,83,46,60,75,77,77,83,77,16,11,11,15,10
468,202695,25,80,83,15.5,1,4,2,6.4,179,59,36,80,73,40,66,54,57,72,70,55,63,58,75,57,63,82,69,81,38,79,79,43,66,52,79,79,82,80,14,8,12,9,7
469,202477,24,80,82,18.5,3,4,4,5.1,161,75,69,40,78,68,88,84,77,62,86,89,88,94,74,77,72,70,70,54,66,40,25,77,76,77,76,34,30,22,12,16,14,11,11
470,202335,24,80,84,16.5,2,3,2,6.2,198,67,52,82,77,51,65,60,74,78,70,62,68,52,78,38,82,77,78,89,72,91,81,53,67,70,77,82,81,83,11,14,6,13,9
471,201377,26,80,84,16.0,2,2,2,6.0,172,56,37,76,68,54,58,38,26,62,64,75,76,77,73,72,68,89,72,80,13,88,81,45,54,46,73,77,80,82,14,13,8,11,14
472,201144,29,80,80,11.5,2,4,3,6.1,176,69,54,66,82,66,72,64,58,82,80,55,56,68,78,64,72,58,79,71,74,76,80,62,78,68,72,79,78,76,8,9,14,15,6
473,201119,28,80,80,11.5,1,2,4,5.1,181,80,60,59,81,55,83,65,50,67,81,84,80,72,81,82,75,59,88,75,73,63,79,82,71,51,79,77,74,75,8,8,14,11,10
474,200536,25,80,81,14.5,1,2,3,5.11,172,83,48,54,78,49,79,59,42,70,78,88,86,76,78,73,65,60,79,76,40,72,74,73,67,56,75,74,76,77,13,9,15,7,14
475,200458,24,80,84,16.0,2,3,4,5.1,163,82,52,68,81,45,76,68,67,69,82,76,75,68,77,79,77,73,79,69,69,75,81,69,72,60,76,73,77,82,6,12,9,6,13
476,200318,26,80,81,17.5,1,3,3,6.1,159,67,85,69,72,74,78,60,57,68,78,77,76,74,85,67,85,77,75,67,84,61,39,83,71,74,76,34,33,25,9,11,8,9,11
477,200315,26,80,80,16.0,2,4,3,5.1,143,78,74,47,77,75,82,81,64,70,81,92,89,82,72,79,78,72,73,58,71,48,26,74,74,56,66,55,30,26,15,12,9,7,13
478,199206,29,80,80,11.5,3,3,2,6.0,168,65,41,79,66,36,53,44,35,60,66,70,80,64,75,63,54,79,76,77,22,83,81,43,50,51,75,85,79,83,16,13,10,9,8
479,199110,27,80,81,17.5,2,4,4,5.1,174,62,78,65,75,75,85,77,60,55,83,86,89,85,79,80,80,62,74,80,65,50,16,81,73,74,75,26,24,22,8,10,10,14,6
480,199069,26,80,82,18.0,3,3,5,6.0,181,57,80,77,75,81,81,80,67,68,80,76,83,72,77,63,81,78,83,85,75,77,33,80,81,76,86,44,23,19,8,10,9,7,8
481,198784,24,80,85,19.5,2,4,4,5.9,154,78,69,39,80,58,84,73,60,75,84,84,85,81,78,88,80,69,82,72,76,77,72,79,81,69,77,67,70,66,16,9,6,9,9
482,197853,25,80,83,15.5,2,3,3,5.9,168,83,54,75,78,47,76,69,30,72,79,79,78,73,81,76,71,94,77,74,58,86,79,72,71,64,75,75,81,82,7,10,15,16,9
483,197061,26,80,82,15.0,2,2,2,6.4,198,54,36,82,77,50,65,63,22,74,69,55,69,55,80,47,66,66,73,77,48,75,83,51,72,42,75,80,84,78,11,15,10,7,10
484,195861,28,80,80,12.0,2,3,3,6.1,183,68,57,69,78,53,69,75,77,84,73,69,72,68,76,73,87,74,82,84,86,84,82,53,75,50,78,78,83,81,12,16,7,12,6
485,194879,28,80,80,15.5,2,4,3,5.11,170,70,81,81,79,82,76,55,47,61,80,60,65,70,82,67,77,81,80,83,70,66,42,84,72,63,69,31,46,31,8,8,8,14,6
486,194794,28,80,80,15.0,3,2,4,6.3,183,80,77,69,78,74,86,83,75,74,83,69,76,73,82,67,83,61,60,76,83,76,54,79,78,85,74,37,35,30,9,5,6,5,14
487,194229,27,80,81,13.5,2,3,3,5.9,159,84,28,65,71,28,69,78,38,68,80,71,71,77,80,66,74,82,91,69,39,76,81,46,64,23,70,69,81,82,14,9,7,9,15
488,194022,27,80,80,12.0,2,3,3,6.1,176,80,54,74,78,45,75,77,42,75,79,65,66,66,82,60,70,77,84,78,67,81,81,66,69,43,77,82,82,79,14,6,7,12,8
489,193886,28,80,80,15.0,2,3,3,5.11,170,75,80,58,80,73,81,78,75,75,83,70,67,75,81,73,88,76,66,76,87,70,51,82,74,65,79,36,59,49,12,11,10,14,6
490,193352,25,80,83,15.5,3,3,4,5.11,170,86,59,64,78,67,76,82,84,78,78,73,73,73,80,70,78,73,77,75,72,75,80,68,74,83,80,80,78,78,14,13,14,14,11
491,193061,27,80,80,15.5,2,4,4,6.0,170,78,74,60,82,73,84,78,72,75,84,75,76,75,74,73,68,65,77,63,74,66,70,76,80,72,78,50,64,70,4,5,3,4,8
492,192789,27,80,80,12.0,2,3,3,6.0,163,79,68,65,77,77,73,75,54,69,76,76,80,68,79,60,81,73,77,79,69,78,80,64,57,50,69,81,81,82,9,12,8,9,15
493,191687,29,80,80,11.5,2,3,2,6.3,196,70,40,83,67,29,55,70,74,75,60,52,60,33,66,45,85,71,70,90,67,88,79,44,52,52,71,82,82,76,15,11,14,10,6
494,190815,28,80,80,12.0,3,4,3,5.11,159,81,46,72,83,62,73,84,62,83,80,62,53,72,84,75,68,72,83,74,62,72,83,66,76,56,81,78,81,77,12,9,10,14,10
495,190778,27,80,83,12.5,2,4,1,6.2,194,17,12,19,37,19,15,13,20,38,34,57,45,54,77,42,25,57,40,65,17,18,21,11,57,27,61,25,18,16,79,77,77,79,83
496,190544,26,80,81,17.5,2,4,4,6.0,163,72,69,48,78,74,87,80,83,71,86,82,76,81,74,79,76,63,60,58,78,44,32,75,78,75,75,39,35,35,6,14,7,6,12
497,190286,27,80,80,15.5,2,3,3,5.11,163,79,77,38,84,63,81,81,79,70,80,67,62,69,79,69,71,36,55,56,78,55,50,81,82,66,65,60,23,16,15,12,16,13,12
498,190264,28,80,80,15.0,3,3,4,5.9,152,78,75,53,82,69,84,80,75,74,85,79,76,85,78,85,70,36,74,53,75,48,26,80,78,77,78,54,36,32,15,5,14,13,7
499,189805,27,80,80,16.0,2,3,2,6.2,190,66,79,93,76,83,66,63,66,64,76,53,57,58,81,59,84,81,83,84,69,52,38,84,69,64,77,44,43,37,16,10,8,8,11
500,189690,31,80,80,9.0,2,3,1,6.3,176,35,11,20,39,13,16,32,20,33,24,51,52,63,72,48,45,68,41,62,15,24,27,13,52,29,62,23,15,17,82,81,79,77,82
